name,unique_name,category,type,mastery_rank,riven_disposition,riven_dots,crit_chance,crit_mult,status_chance,is_prime,is_variant
Arbucep,/Lotus/Weapons/Tenno/Archwing/Primary/NokkoArchGun/NokkoArchGun,Arch-Gun,Arch-Gun,0,0.60000002,1,0.1,2.9000001,0.34900004,False,False
Cortege,/Lotus/Weapons/Tenno/Archwing/Primary/ThanoTechArchGun/ThanoTechArchGun,Arch-Gun,Arch-Gun,14,1.0,3,0.2,1.9,0.39999998,False,False
Corvas,/Lotus/Weapons/Tenno/Archwing/Primary/LaunchGrenade/ArchCannon,Arch-Gun,Arch-Gun,1,1.2,4,0.40000001,2.5999999,0.13,False,False
Corvas Prime,/Lotus/Weapons/Tenno/Archwing/Primary/PrimeCorvas/PrimeCorvasWeapon,Arch-Gun,Arch-Gun,14,0.94999999,3,0.44,3.0,0.30000001,True,False
Cyngas,/Lotus/Weapons/Tenno/Archwing/Primary/ArchBurstGun/ArchBurstGun,Arch-Gun,Arch-Gun,4,1.3,5,0.2,2.2,0.30000001,False,False
Dual Decurion,/Lotus/Weapons/Tenno/Archwing/Primary/ArchwingHeavyPistols/ArchHeavyPistols,Arch-Gun,Arch-Gun,1,1.3,5,0.28,2.2,0.13999999,False,False
Fluctus,/Lotus/Weapons/Tenno/Archwing/Primary/RocketArtillery/ArchRocketCrossbow,Arch-Gun,Arch-Gun,2,1.05,3,0.22,2.0,0.15999997,False,False
Grattler,/Lotus/Weapons/Tenno/Archwing/Primary/RepurposedGrineerAntiAircraftGun/ArchGRNAAGun,Arch-Gun,Arch-Gun,4,1.1,3,0.25,2.0,0.25,False,False
Imperator,/Lotus/Weapons/Tenno/Archwing/Primary/FoldingMachineGun/ArchMachineGun,Arch-Gun,Arch-Gun,0,1.1,3,0.23999999,2.0,0.12,False,False
Imperator Vandal,/Lotus/Weapons/Tenno/Archwing/Primary/FoldingMachineGun/ArchMachineGunVandal,Arch-Gun,Arch-Gun,5,0.94999999,3,0.28,2.4000001,0.12,False,True
Kuva Ayanga,/Lotus/Weapons/Grineer/HeavyWeapons/GrnHeavyGrenadeLauncher,Arch-Gun,Arch-Gun,13,0.94999999,3,0.34999999,2.0,0.19999999,False,True
Kuva Grattler,/Lotus/Weapons/Grineer/KuvaLich/HeavyWeapons/Grattler/KuvaGrattler,Arch-Gun,Arch-Gun,15,0.69999999,2,0.27000001,2.0999999,0.26999998,False,True
Larkspur,/Lotus/Weapons/Tenno/Archwing/Primary/TnShieldframeArchGun/TnShieldFrameArchGun,Arch-Gun,Arch-Gun,8,1.05,3,0.1,1.4,0.5,False,False
Larkspur Prime,/Lotus/Weapons/Tenno/Archwing/Primary/PrimeLarkspur/PrimeLarkspurWeapon,Arch-Gun,Arch-Gun,8,0.80000001,2,0.14,1.6,0.5,True,False
Mandonel,/Lotus/Weapons/Tenno/Archwing/Primary/TnConcreteArchgun/TnConcreteArchgunWeapon,Arch-Gun,Arch-Gun,10,1.1,3,0.25,2.0,0.14999998,False,False
Mausolon,/Lotus/Weapons/Tenno/Archwing/Primary/ThanoTechArchLongGun/ThanoTechLongGun,Arch-Gun,Arch-Gun,14,0.5,1,0.30000001,2.2,0.25999999,False,False
Morgha,/Lotus/Weapons/Tenno/Archwing/Primary/ThanoTechGrenadeLaunch/ThanoTechGrenadeLauncher,Arch-Gun,Arch-Gun,15,1.0,3,0.30000001,2.2,0.27999997,False,False
Phaedra,/Lotus/Weapons/Tenno/Archwing/Primary/ArchLongRifle/ArchLongRifle,Arch-Gun,Arch-Gun,3,1.25,4,0.14,2.0,0.30000001,False,False
Prisma Dual Decurions,/Lotus/Weapons/Tenno/Archwing/Primary/ArchwingHeavyPistols/Prisma/PrismaArchHeavyPistols,Arch-Gun,Arch-Gun,1,1.25,4,0.30000001,2.2,0.24000001,False,True
Velocitus,/Lotus/Weapons/Tenno/Archwing/Primary/Railgun/ArchRailgun,Arch-Gun,Arch-Gun,0,1.1,3,0.30000001,2.0,0.25,False,False
Agkuza,/Lotus/Weapons/Tenno/Archwing/Melee/ArchSwordHook/ArchHookSwordWeapon,Arch-Melee,Arch-Melee,3,0.5,1,0.050000001,1.5,0.14999998,False,False
Centaur,/Lotus/Weapons/Tenno/Archwing/Melee/Archswordandshield/ArchSwordShield,Arch-Melee,Arch-Melee,8,0.5,1,0.25,2.0,0.19999999,False,False
Kaszas,/Lotus/Weapons/Tenno/Archwing/Melee/ArchScythe/ArchScythe,Arch-Melee,Arch-Melee,4,0.5,1,0.15000001,2.0,0.19999999,False,False
Knux,/Lotus/Weapons/Tenno/Archwing/Melee/GrnArchHand/GrnArchHandWeapon,Arch-Melee,Arch-Melee,7,0.5,1,0.13,2.0,0.30000001,False,False
Onorix,/Lotus/Weapons/Tenno/Archwing/Melee/Archaxe/ArchAxeWeapon,Arch-Melee,Arch-Melee,1,0.5,1,0.15000001,1.25,0.050000012,False,False
Prisma Veritux,/Lotus/Weapons/Tenno/Archwing/Melee/VoidTraderArchsword/VTArchSwordWeapon,Arch-Melee,Arch-Melee,8,0.5,1,0.30000001,2.0,0.19999999,False,True
Rathbone,/Lotus/Weapons/Tenno/Archwing/Melee/ArchHammer/ArchHammer,Arch-Melee,Arch-Melee,6,0.5,1,0.2,2.0,0.12,False,False
Veritux,/Lotus/Weapons/Tenno/Archwing/Melee/Archsword/ArchSwordWeapon,Arch-Melee,Arch-Melee,0,0.5,1,0.050000001,1.5,0.10000002,False,False
Ack & Brunt,/Lotus/Weapons/Grineer/Melee/GrineerTylAxeAndBoar/RegorAxeShield,Melee,Melee,3,1.35,5,0.2,2.0,0.10000002,False,False
Amanata,/Lotus/Weapons/Tenno/Melee/Polearms/Naginata/ShrineMaidenNaginataWeapon,Melee,Melee,2,0.85000002,2,0.23999999,2.0,0.24000001,False,False
Amphis,/Lotus/Weapons/Tenno/Melee/Staff/GrnStaff,Melee,Melee,5,1.5,5,0.13,1.7,0.20999998,False,False
Anku,/Lotus/Weapons/Tenno/Melee/Scythe/ParisScythe/ParisScythe,Melee,Melee,3,1.46,5,0.2,2.0,0.10000002,False,False
Ankyros,/Lotus/Weapons/Tenno/Melee/Gauntlet/Gauntlet,Melee,Melee,2,1.5,5,0.2,2.0,0.10000002,False,False
Ankyros Prime,/Lotus/Weapons/Tenno/Melee/Gauntlet/PrimeAnkyros/PrimeAnkyros,Melee,Melee,8,1.45,5,0.28,2.4000001,0.15999997,True,False
Arca Titron,/Lotus/Weapons/Corpus/Melee/Hammer/CorpusHammerWeapon,Melee,Melee,10,1.3,5,0.23999999,2.0,0.38,False,False
Argo & Vel,/Lotus/Weapons/Tenno/Melee/SwordsAndBoards/DaxDuviriMaceShieldWeapon,Melee,Melee,0,1.15,4,0.31999999,2.4000001,0.24000001,False,False
Arum Spinosa,/Lotus/Weapons/Infested/Melee/InfWarfan/InfWarfanWeapon,Melee,Melee,11,1.25,4,0.090000004,1.9,0.37,False,False
Atterax,/Lotus/Weapons/Grineer/Melee/GrineerWhip/GrineerWhip,Melee,Melee,5,1.15,4,0.25,3.0,0.19999999,False,False
Azothane,/Lotus/Weapons/Tenno/Melee/Swords/DaxDuviriTwoHandedKatana/DaxDuviriTwoHandedKatanaWeapon,Melee,Melee,0,1.05,3,0.34,3.0,0.22000003,False,False
Balla,/Lotus/Weapons/Ostron/Melee/ModularMelee01/Tip/PvPVariantTipOne,Melee,Zaw Component,0,0.80000001,2,0.0,0.0,0.0,False,False
Balla,/Lotus/Weapons/Ostron/Melee/ModularMelee01/Tip/TipOne,Melee,Zaw Component,0,0.80000001,2,0.0,0.0,0.0,False,False
Bo,/Lotus/Weapons/Tenno/Melee/Staff/Staff,Melee,Melee,0,1.35,5,0.125,2.0,0.19999999,False,False
Bo Prime,/Lotus/Weapons/Tenno/Melee/Staff/PrimeBo/PrimeBoWeapon,Melee,Melee,5,1.35,5,0.23999999,2.5999999,0.31999999,True,False
Boltace,/Lotus/Weapons/Tenno/Melee/Tonfa/Boltonfa/Boltonfa,Melee,Melee,4,1.25,4,0.059999999,1.5,0.27999997,False,False
Broken Scepter,/Lotus/Weapons/Grineer/Melee/GrnQueenSceptre/GrnQueenSceptreWeapon,Melee,Melee,7,1.4,5,0.1,2.0,0.30000001,False,False
Broken War,/Lotus/Weapons/Tenno/Melee/Swords/StalkerTwo/StalkerTwoSmallSword,Melee,Melee,10,1.15,4,0.34999999,2.2,0.19999999,False,False
Cadus,/Lotus/Weapons/Tenno/Melee/Staff/SingleStaff,Melee,Melee,4,1.29,4,0.15000001,2.0,0.25,False,False
Cassowar,/Lotus/Weapons/Tenno/Melee/Polearms/TnHalberdPolearm/TnHalberdPolearmWeapon,Melee,Melee,5,1.35,5,0.059999999,1.4,0.27999997,False,False
Caustacyst,/Lotus/Weapons/Infested/Melee/InfEmbolistScythe/InfestedScythe,Melee,Melee,7,1.3,5,0.090000004,2.0,0.37,False,False
Ceramic Dagger,/Lotus/Weapons/Tenno/Melee/Dagger/CeramicDagger,Melee,Melee,3,1.4299999,5,0.1,1.5,0.19999999,False,False
Cerata,/Lotus/Weapons/Infested/Melee/Glaives/PunctureGlaive/PunctureGlaiveWeapon,Melee,Melee,7,1.25,4,0.15000001,2.0,0.30000001,False,False
Ceti Lacera,/Lotus/Weapons/Tenno/Melee/Swords/StalkerMios/OperationsLacera,Melee,Melee,12,1.2,4,0.2,2.0,0.39999998,False,False
Cobra & Crane,/Lotus/Weapons/Tenno/Melee/SwordsAndBoards/PacifistShieldAndSword/PacifistShieldSword,Melee,Melee,10,1.35,5,0.15000001,1.5,0.36000001,False,False
Cobra & Crane Prime,/Lotus/Weapons/Tenno/Melee/SwordsAndBoards/PrimeCobraAndCrane/PrimeCobraAndCraneWeapon,Melee,Melee,14,1.2,4,0.18000001,2.0,0.38,True,False
Coda Caustacyst,/Lotus/Weapons/Infested/InfestedLich/Melee/CodaCaustacyst/CodaCaustacyst,Melee,Melee,17,0.85000002,2,0.19,2.3,0.40999997,False,False
Coda Hirudo,/Lotus/Weapons/Infested/InfestedLich/Melee/CodaHirudo,Melee,Melee,17,0.69999999,2,0.34,3.0999999,0.18000001,False,False
Coda Mire,/Lotus/Weapons/Infested/InfestedLich/Melee/CodaMire,Melee,Melee,17,0.64999998,1,0.18000001,2.4000001,0.39999998,False,False
Coda Motovore,/Lotus/Weapons/Infested/InfestedLich/Melee/InfestedHammer/InfLichHammerWeapon,Melee,Melee,17,0.69999999,2,0.25,2.3,0.30000001,False,False
Coda Pathocyst,/Lotus/Weapons/Infested/InfestedLich/Melee/CodaPathocyst/CodaPathocyst,Melee,Melee,17,0.60000002,1,0.2,2.3,0.35000002,False,False
Corufell,/Lotus/Weapons/Tenno/Archwing/Melee/ExaltedArchScythe/ExaltedAWScytheWeapon,Melee,Melee,8,1.0,3,0.25999999,2.4000001,0.13999999,False,False
Cronus,/Lotus/Weapons/Tenno/Melee/CronusSword/CronusLongSword,Melee,Melee,0,1.48,5,0.059999999,1.5,0.18000001,False,False
Cyath,/Lotus/Weapons/Ostron/Melee/ModularMelee01/Tip/PvPVariantTipFour,Melee,Zaw Component,0,1.0,3,0.0,0.0,0.0,False,False
Cyath,/Lotus/Weapons/Ostron/Melee/ModularMelee01/Tip/TipFour,Melee,Zaw Component,0,1.0,3,0.0,0.0,0.0,False,False
Dakra Prime,/Lotus/Weapons/Tenno/Melee/CronusSword/PrimeCronusLongSword,Melee,Melee,10,1.1,3,0.36000001,2.4000001,0.18000001,True,False
Dark Dagger,/Lotus/Weapons/Tenno/Melee/Dagger/DarkDagger,Melee,Melee,2,1.1,3,0.079999998,1.5,0.22000003,False,False
Dark Split-Sword,/Lotus/Weapons/Tenno/Melee/Swords/DarkSword/DarkSwordDaggerHybridWeapon,Melee,Melee,0,1.3,5,0.0,2.0,0.10000002,False,False
Dark Sword,/Lotus/Weapons/Tenno/Melee/Swords/DarkSword/DarkLongSword,Melee,Melee,8,1.48,5,0.050000001,1.5,0.39999998,False,False
Dehtat,/Lotus/Weapons/Ostron/Melee/ModularMelee01/Tip/PvPVariantTipFive,Melee,Zaw Component,0,1.25,4,0.0,0.0,0.0,False,False
Dehtat,/Lotus/Weapons/Ostron/Melee/ModularMelee01/Tip/TipFive,Melee,Zaw Component,0,1.25,4,0.0,0.0,0.0,False,False
Destreza,/Lotus/Weapons/Tenno/Melee/Swords/TnoRapier/TnoRapier,Melee,Melee,7,1.25,4,0.28,2.0,0.13999999,False,False
Destreza Prime,/Lotus/Weapons/Tenno/Melee/Swords/PRapier/DestrezaPrime,Melee,Melee,10,1.14,4,0.31999999,3.0,0.19999999,True,False
Dex Dakra,/Lotus/Weapons/Tenno/Melee/Swords/DexTheSecond/DexTheSecond,Melee,Melee,6,1.35,5,0.16,2.0,0.24000001,False,False
Dex Nikana,/Lotus/Weapons/Tenno/Melee/Swords/KatanaAndWakizashi/Dex2023Nikana/Dex2023Nikana,Melee,Melee,8,1.0,3,0.23999999,2.5999999,0.18000001,False,False
Dokrahm,/Lotus/Weapons/Ostron/Melee/ModularMelee02/Tip/TipEleven,Melee,Zaw Component,0,0.75,2,0.0,0.0,0.0,False,False
Dorrclave,/Lotus/Weapons/Tenno/Melee/Swords/TnDagathBladeWhip/TnDagathBladeWhip,Melee,Melee,8,1.05,3,0.25999999,2.2,0.24000001,False,False
Dragon Nikana,/Lotus/Weapons/Tenno/Melee/Swords/KatanaAndWakizashi/LowKatana,Melee,Melee,8,1.15,4,0.22,2.0,0.22000003,False,False
Dual Cleavers,/Lotus/Weapons/Grineer/Melee/GrineerMachetteAndCleaver/DualCleaverWeapon,Melee,Melee,5,1.2,4,0.25,3.0,0.10000002,False,False
Dual Ether,/Lotus/Weapons/Tenno/Melee/DualShortSword/DualEtherSword,Melee,Melee,8,1.45,5,0.2,2.0,0.27999997,False,False
Dual Heat Swords,/Lotus/Weapons/Tenno/Melee/DualShortSword/DualHeatSwords,Melee,Melee,3,1.4400001,5,0.050000001,1.5,0.19999999,False,False
Dual Ichor,/Lotus/Weapons/Tenno/Melee/Axe/DualInfestedAxesWeapon,Melee,Melee,6,1.25,4,0.25,3.0,0.14999998,False,False
Dual Kamas,/Lotus/Weapons/Tenno/Melee/DualKamas/DualKamas,Melee,Melee,1,1.35,5,0.1,1.5,0.14999998,False,False
Dual Kamas Prime,/Lotus/Weapons/Tenno/Melee/PrimeDualKamas/PrimeDualKamas,Melee,Melee,8,1.25,4,0.2,2.0,0.25,True,False
Dual Keres,/Lotus/Weapons/Tenno/Melee/Swords/QuillSword/QuillDualSwords,Melee,Melee,7,1.1,3,0.28,2.5999999,0.13999999,False,False
Dual Keres Prime,/Lotus/Weapons/Tenno/Melee/Swords/PrimeDualKeres/PrimeDualKeresWeapon,Melee,Melee,14,0.80000001,2,0.31999999,2.5999999,0.24000001,True,False
Dual Raza,/Lotus/Weapons/Tenno/Melee/Soma/SomaDualKamas,Melee,Melee,6,1.4,5,0.25,3.0,0.10000002,False,False
Dual Skana,/Lotus/Weapons/Tenno/Melee/DualShortSword/DualShortSword,Melee,Melee,0,1.48,5,0.050000001,1.5,0.15999997,False,False
Dual Viciss,/Lotus/Weapons/Lasria/LasGooSickle/LasGooSicklePlayerWeapon,Melee,Rifle,14,0.75,2,0.23,2.0999999,0.28999996,False,False
Dual Zoren,/Lotus/Weapons/Tenno/Melee/Axe/DualAxeWeapon,Melee,Melee,2,1.4400001,5,0.25,3.0,0.050000012,False,False
Dual Zoren Prime,/Lotus/Weapons/Tenno/Melee/Axe/PrimeZoren/PrimeZorenAxeWeapon,Melee,Melee,13,0.85000002,2,0.30000001,3.2,0.22000003,True,False
Edun,/Lotus/Weapons/Tenno/Melee/Polearms/DaxDuviriPolearm/DaxDuviriPolearmWeapon,Melee,Melee,0,1.1,3,0.34,2.5999999,0.19999999,False,False
Ekhein,/Lotus/Weapons/Thanotech/EntSphereHammer/EntSphereHammer,Melee,Rifle,10,1.2,4,0.30000001,2.4000001,0.14999998,False,False
Ekwana Ii Jai,/Lotus/Weapons/Ostron/Melee/ModularMelee01/Balance/BalanceSpeedIStatusII,Melee,Zaw Component,0,1.0,3,0.0,0.0,0.0,False,False
Ekwana Ii Ruhang,/Lotus/Weapons/Ostron/Melee/ModularMelee01/Balance/BalanceDamageIStatusII,Melee,Zaw Component,0,1.0,3,0.0,0.0,0.0,False,False
Ekwana Jai,/Lotus/Weapons/Ostron/Melee/ModularMelee01/Balance/BalanceSpeedIStatusI,Melee,Zaw Component,0,1.0,3,0.0,0.0,0.0,False,False
Ekwana Jai Ii,/Lotus/Weapons/Ostron/Melee/ModularMelee01/Balance/BalanceSpeedIIStatusI,Melee,Zaw Component,0,1.0,3,0.0,0.0,0.0,False,False
Ekwana Ruhang,/Lotus/Weapons/Ostron/Melee/ModularMelee01/Balance/BalanceDamageIStatusI,Melee,Zaw Component,0,1.0,3,0.0,0.0,0.0,False,False
Ekwana Ruhang Ii,/Lotus/Weapons/Ostron/Melee/ModularMelee01/Balance/BalanceDamageIIStatusI,Melee,Zaw Component,0,1.0,3,0.0,0.0,0.0,False,False
Endura,/Lotus/Weapons/Tenno/Melee/Swords/ThreeLeaf/ThreeLeaf,Melee,Melee,7,1.4,5,0.1,2.0,0.36000001,False,False
Ether Daggers,/Lotus/Weapons/Tenno/Melee/DualDagger/DualEtherDagger,Melee,Melee,6,1.49,5,0.1,1.8,0.30000001,False,False
Ether Reaper,/Lotus/Weapons/Tenno/Melee/Scythe/EtherScytheWeapon,Melee,Melee,4,1.45,5,0.2,2.0,0.19999999,False,False
Ether Sword,/Lotus/Weapons/Tenno/Melee/LongSword/EtherSword,Melee,Melee,7,1.4400001,5,0.1,1.5,0.34000003,False,False
Falcor,/Lotus/Weapons/Corpus/Melee/Glaive/CrpGlaive/CrpGlaive,Melee,Melee,8,1.3,5,0.12,1.6,0.34000003,False,False
Fang,/Lotus/Weapons/Tenno/Melee/DualDagger/DualDagger,Melee,Melee,0,1.36,5,0.079999998,1.5,0.15999997,False,False
Fang Prime,/Lotus/Weapons/Tenno/Melee/DualDagger/FangPrimeDagger,Melee,Melee,10,1.3,5,0.25999999,2.5999999,0.25999999,True,False
Fragor,/Lotus/Weapons/Tenno/Melee/Hammer/HammerWeapon,Melee,Melee,2,1.2,4,0.2,2.0,0.10000002,False,False
Fragor Prime,/Lotus/Weapons/Tenno/Melee/PrimeFragor/PrimeFragor,Melee,Melee,12,1.05,3,0.40000001,2.5,0.18000001,True,False
Furax,/Lotus/Weapons/Tenno/Melee/Fist/Fist,Melee,Melee,5,1.38,5,0.25,2.3,0.11000001,False,False
Furax Wraith,/Lotus/Weapons/Tenno/Melee/Fist/FuraxWraith,Melee,Melee,9,1.15,4,0.30000001,2.7,0.14999998,False,True
Galariak Prime,/Lotus/Weapons/Grineer/Melee/Scythe/GrnDrillScythe/GrnDrillScythe,Melee,Melee,14,0.5,1,0.19,2.5,0.31999999,True,False
Galatine,/Lotus/Weapons/Tenno/Melee/Swords/GreatSword/TennoGreatSword,Melee,Melee,3,1.05,3,0.1,2.0,0.19999999,False,False
Galatine Prime,/Lotus/Weapons/Tenno/Melee/Swords/PrimeGalatine/PrimeGalatine,Melee,Melee,13,0.89999998,3,0.25999999,2.0,0.25999999,True,False
Galvacord,/Lotus/Weapons/Corpus/Melee/Whips/CrpShockGrip/CrpShockGripWhipWeapon,Melee,Melee,6,1.35,5,0.12,1.8,0.30000001,False,False
Gazal Machete,/Lotus/Weapons/Tenno/Melee/PersianMachete/DjinnMachete,Melee,Melee,5,1.4,5,0.1,2.0,0.30000001,False,False
Ghoulsaw,/Lotus/Weapons/Grineer/Melee/GrnGhoulSaw/GrnGhoulSawPlayer,Melee,Melee,7,1.25,4,0.15000001,1.9,0.26999998,False,False
Glaive,/Lotus/Weapons/Tenno/Melee/Glaives/LightGlaive/LightGlaiveWeapon,Melee,Melee,1,1.3,5,0.12,2.0,0.12,False,False
Glaive Prime,/Lotus/Weapons/Tenno/Melee/Glaives/PrimeGlaive/PrimeGlaiveWeapon,Melee,Melee,10,0.69999999,2,0.22,2.0,0.30000001,True,False
Gram,/Lotus/Weapons/Tenno/Melee/GreatSword/GreatSword,Melee,Melee,2,1.4400001,5,0.15000001,2.0,0.14999998,False,False
Gram Prime,/Lotus/Weapons/Tenno/Melee/Swords/PrimeGram/PrimeGram,Melee,Melee,14,0.75,2,0.31999999,2.5999999,0.31999999,True,False
Guandao,/Lotus/Weapons/Tenno/Melee/Polearms/TnGuandaoPolearm/TnGuandaoPolearmWeapon,Melee,Melee,4,1.05,3,0.28,2.2,0.040000021,False,False
Guandao Prime,/Lotus/Weapons/Tenno/Melee/Polearms/PrimeGuandao/PrimeGuandaoWeapon,Melee,Melee,12,0.69999999,2,0.31999999,2.4000001,0.19999999,True,False
Gunsen,/Lotus/Weapons/Tenno/Melee/Warfan/WarfanWeapon,Melee,Melee,8,1.35,5,0.16,2.0,0.27999997,False,False
Gunsen Prime,/Lotus/Weapons/Tenno/Melee/Warfan/PrimeGunsen/PrimeGunsenWeapon,Melee,Melee,12,1.0,3,0.2,2.0,0.34000003,True,False
Halikar,/Lotus/Weapons/Grineer/Melee/GrnBoomerang/GrnBoomerang,Melee,Melee,7,1.4400001,5,0.17,2.0,0.28999996,False,False
Halikar Wraith,/Lotus/Weapons/Grineer/Melee/GrnBoomerang/HalikarWraithWeapon,Melee,Melee,13,1.2,4,0.19,2.3,0.35000002,False,True
Harmony,/Lotus/Weapons/Tenno/Melee/Scythe/TnChoirScythe/TnChoirScythe,Melee,Melee,10,0.60000002,1,0.2,2.2,0.36000001,False,False
Hate,/Lotus/Weapons/Tenno/Melee/Scythe/StalkerScytheWeapon,Melee,Melee,8,1.1,3,0.30000001,2.5,0.19999999,False,False
Heat Dagger,/Lotus/Weapons/Tenno/Melee/Dagger/Dagger,Melee,Melee,3,1.4400001,5,0.14,1.6,0.13999999,False,False
Heat Sword,/Lotus/Weapons/Tenno/Melee/Swords/HeatSword/HeatLongSword,Melee,Melee,3,1.48,5,0.050000001,1.5,0.19999999,False,False
Heliocor,/Lotus/Weapons/Cephalon/Melee/Hammer/CephHammerWeapon,Melee,Melee,9,1.35,5,0.38,2.0,0.12,False,False
Hespar,/Lotus/Weapons/Tenno/Melee/HeavyScythe/DuviriScythe/DuviriHeavyScytheWeapon,Melee,Melee,12,1.0,3,0.23999999,2.2,0.27999997,False,False
Hirudo,/Lotus/Weapons/Infested/Melee/InfWFAccompanyingSparring/InfestedKogake,Melee,Melee,7,1.1,3,0.30000001,3.0,0.11000001,False,False
Innodem,/Lotus/Weapons/Tenno/Zariman/Melee/Dagger/ZarimanDaggerWeapon,Melee,Melee,14,0.64999998,1,0.22,2.0,0.22000003,False,False
Jai,/Lotus/Weapons/Ostron/Melee/ModularMelee01/Balance/BalanceSpeedI,Melee,Zaw Component,0,1.0,3,0.0,0.0,0.0,False,False
Jai Ii,/Lotus/Weapons/Ostron/Melee/ModularMelee01/Balance/BalanceSpeedII,Melee,Zaw Component,0,1.0,3,0.0,0.0,0.0,False,False
Jat Kittag,/Lotus/Weapons/Grineer/Melee/GrineerJetPoweredPolearm/GrineerJetPolearm,Melee,Melee,5,1.35,5,0.15000001,2.0,0.25,False,False
Jat Kusar,/Lotus/Weapons/Grineer/Melee/GrnKusarigama/GrnKusarigamaWeapon,Melee,Melee,11,1.2,4,0.34999999,2.5,0.19,False,False
Jaw Sword,/Lotus/Weapons/Tenno/Melee/Swords/JawSword/JawLongSword,Melee,Melee,0,1.4,5,0.079999998,1.5,0.15999997,False,False
Jayap,/Lotus/Weapons/Ostron/Melee/ModularMelee01/Handle/HandleFive,Melee,Zaw Component,0,1.0,3,0.0,0.0,0.0,False,False
Kama,/Lotus/Weapons/Tenno/Melee/DualKamas/SingleKama,Melee,Melee,1,1.47,5,0.12,1.8,0.10000002,False,False
Karyst,/Lotus/Weapons/Tenno/Melee/Swords/KrisDagger/KrisDagger,Melee,Melee,6,1.35,5,0.1,2.0,0.25999999,False,False
Karyst Prime,/Lotus/Weapons/Tenno/Melee/Swords/PrimeKaryst/PrimeKrisDagger,Melee,Melee,12,1.15,4,0.23999999,2.2,0.30000001,True,False
Keratinos,/Lotus/Weapons/Infested/Melee/InfTransformClaw/InfTransformClawsWeapon,Melee,Melee,9,1.05,3,0.13,2.0999999,0.28999996,False,False
Kesheg,/Lotus/Weapons/Grineer/Melee/GrineerHalberd/GrnHalberd,Melee,Melee,7,1.35,5,0.19,2.5,0.23000002,False,False
Kestrel,/Lotus/Weapons/Tenno/Melee/Glaives/Boomerang/BoomerangWeapon,Melee,Melee,0,1.45,5,0.1,2.0,0.10000002,False,False
Kestrel Prime,/Lotus/Weapons/Tenno/Melee/Glaives/PrimeKestrel/PrimeKestrel,Melee,Melee,11,0.5,1,0.2,2.2,0.39999998,True,False
Kogake,/Lotus/Weapons/Tenno/Melee/BrassKnuckles/BrassKnuckles,Melee,Melee,2,1.46,5,0.2,2.0,0.10000002,False,False
Kogake Prime,/Lotus/Weapons/Tenno/Melee/PrimeKogake/KogakePrimeKnuckles,Melee,Melee,10,1.4,5,0.16,1.8,0.38,True,False
Korb,/Lotus/Weapons/Ostron/Melee/ModularMelee02/Handle/HandleNine,Melee,Zaw Component,0,1.0,3,0.0,0.0,0.0,False,False
Korrudo,/Lotus/Weapons/Grineer/Melee/GrnSparring/GrnSpiderSparring/GrnSpiderSparring,Melee,Melee,9,1.35,5,0.31,2.5,0.090000033,False,False
Korumm,/Lotus/Weapons/Archon/Melee/Trident/ArchonTridentPlayerWep,Melee,Melee,13,1.1,3,0.23999999,2.2,0.30000001,False,False
Kreska,/Lotus/Weapons/Corpus/Melee/CrpVenusHatchet/CrpVenusHatchet,Melee,Melee,6,1.35,5,0.14,2.0,0.22000003,False,False
Krohkur,/Lotus/Weapons/Grineer/Melee/GrnEgyptSwd/GrnEgyptSwdWeapon,Melee,Melee,9,1.35,5,0.28999999,2.3,0.19,False,False
Kronen,/Lotus/Weapons/Tenno/Melee/Tonfa/TonfaContestWinner/TennoTonfa,Melee,Melee,3,1.4299999,5,0.1,1.5,0.19999999,False,False
Kronen Prime,/Lotus/Weapons/Tenno/Melee/Tonfa/TonfaContestWinnerPrime/TonfaContestWinnerPrimeWeapon,Melee,Melee,13,0.64999998,1,0.22,2.0,0.34000003,True,False
Kronsh,/Lotus/Weapons/Ostron/Melee/ModularMelee01/Tip/PvPVariantTipSix,Melee,Zaw Component,0,1.3,5,0.0,0.0,0.0,False,False
Kronsh,/Lotus/Weapons/Ostron/Melee/ModularMelee01/Tip/TipSix,Melee,Zaw Component,0,1.3,5,0.0,0.0,0.0,False,False
Kroostra,/Lotus/Weapons/Ostron/Melee/ModularMelee01/Handle/HandleSix,Melee,Zaw Component,0,1.0,3,0.0,0.0,0.0,False,False
Kuva Shildeg,/Lotus/Weapons/Grineer/Melee/GrnKuvaLichScythe/GrnKuvaLichScytheWeapon,Melee,Melee,13,0.80000001,2,0.31,2.7,0.26999998,False,True
Kwath,/Lotus/Weapons/Ostron/Melee/ModularMelee01/Handle/HandleThree,Melee,Zaw Component,0,1.0,3,0.0,0.0,0.0,False,False
Lacera,/Lotus/Weapons/Tenno/Melee/Swords/StalkerMios/StalkerMios,Melee,Melee,7,1.3099999,5,0.050000001,2.0,0.44999999,False,False
Laka,/Lotus/Weapons/Ostron/Melee/ModularMelee01/Handle/HandleTwo,Melee,Zaw Component,0,1.0,3,0.0,0.0,0.0,False,False
Lecta,/Lotus/Weapons/Corpus/Melee/Whip/CorpusWhipWeapon,Melee,Melee,0,1.25,4,0.050000001,1.5,0.25,False,False
Lesion,/Lotus/Weapons/Infested/Melee/TipedoStaff/InfTipedoStaff,Melee,Melee,9,0.85000002,2,0.15000001,2.0,0.37,False,False
Machete,/Lotus/Weapons/Grineer/Melee/GrineerMachetteAndCleaver/Machete,Melee,Melee,1,1.45,5,0.1,1.5,0.14999998,False,False
Machete Wraith,/Lotus/Weapons/Grineer/Melee/GrineerMachetteAndCleaver/WraithMacheteWeapon,Melee,Melee,11,1.4,5,0.19,2.0999999,0.33000004,False,True
Magistar,/Lotus/Weapons/Tenno/Melee/Maces/PaladinMace/PaladinMaceWeapon,Melee,Melee,1,1.35,5,0.2,2.0,0.10000002,False,False
Masseter,/Lotus/Weapons/Tenno/Melee/Swords/TnChiselKanabo/TnChiselKanabo,Melee,Melee,8,1.25,4,0.23999999,2.0,0.27999997,False,False
Masseter Prime,/Lotus/Weapons/Tenno/Melee/Swords/PrimeMasseter/PrimeMasseter,Melee,Melee,14,1.0,3,0.25999999,2.2,0.36000001,True,False
Mewan,/Lotus/Weapons/Ostron/Melee/ModularMelee01/Tip/PvPVariantTipThree,Melee,Zaw Component,0,1.15,4,0.0,0.0,0.0,False,False
Mewan,/Lotus/Weapons/Ostron/Melee/ModularMelee01/Tip/TipThree,Melee,Zaw Component,0,1.15,4,0.0,0.0,0.0,False,False
Mios,/Lotus/Weapons/Infested/Melee/Swords/Mios/Mios,Melee,Melee,8,1.3,5,0.19,2.0,0.25,False,False
Mire,/Lotus/Weapons/Infested/Melee/Swords/Mire/MireSword,Melee,Melee,5,1.3,5,0.090000004,1.5,0.31,False,False
Mk1-Bo,/Lotus/Weapons/MK1Series/MK1Bo,Melee,Rifle,0,1.4,5,0.1,2.0,0.10000002,False,False
Mk1-Furax,/Lotus/Weapons/MK1Series/MK1Furax,Melee,Rifle,0,1.45,5,0.2,2.0,0.10000002,False,False
Nami Skyla,/Lotus/Weapons/Tenno/Melee/Swords/CutlassAndPoignard/CutlassPoignardSwords,Melee,Melee,2,1.3,5,0.1,1.5,0.14999998,False,False
Nami Skyla Prime,/Lotus/Weapons/Tenno/Melee/Swords/PrimeNamiSkyla/PrimeNamiSkyla,Melee,Melee,11,1.0,3,0.22,2.0,0.34000003,True,False
Nami Solo,/Lotus/Weapons/Tenno/Melee/Swords/CutlassAndPoignard/TennoCutlass,Melee,Melee,6,1.4299999,5,0.15000001,2.0,0.25,False,False
Nepheri,/Lotus/Weapons/Archon/Melee/DualDaggers/ArchonDualDaggersPlayerWep,Melee,Melee,13,1.0,3,0.20999999,2.3,0.33000004,False,False
Nikana,/Lotus/Weapons/Tenno/Melee/Swords/KatanaAndWakizashi/Katana,Melee,Melee,4,0.94999999,3,0.16,2.0,0.15999997,False,False
Nikana Prime,/Lotus/Weapons/Tenno/Melee/Swords/PrimeKatana/PrimeNikana,Melee,Melee,12,0.60000002,1,0.28,2.4000001,0.27999997,True,False
Ninkondi,/Lotus/Weapons/Tenno/Melee/Nunchaku/Nunchaku/Nunchaku,Melee,Melee,8,1.41,5,0.1,2.0,0.35000002,False,False
Ninkondi Prime,/Lotus/Weapons/Tenno/Melee/PrimeNinkondi/PrimeNikondi,Melee,Melee,14,1.1,3,0.22,2.4000001,0.36000001,True,False
Obex,/Lotus/Weapons/Corpus/Melee/KickAndPunch/KickPunchWeapon,Melee,Melee,4,1.3,5,0.25,2.0,0.10000002,False,False
Ohma,/Lotus/Weapons/Corpus/Melee/CrpTonfa/CrpTonfa,Melee,Melee,8,1.25,4,0.15000001,2.0,0.30000001,False,False
Okina,/Lotus/Weapons/Tenno/Melee/Swords/TennoSai/TennoSais,Melee,Melee,5,1.4,5,0.16,2.0,0.19999999,False,False
Okina Prime,/Lotus/Weapons/Tenno/Melee/Swords/PrimeOkina/PrimeOkina,Melee,Melee,12,0.69999999,2,0.30000001,2.5999999,0.24000001,True,False
Ooltha,/Lotus/Weapons/Ostron/Melee/ModularMelee01/Tip/PvPVariantTipTwo,Melee,Zaw Component,0,1.25,4,0.0,0.0,0.0,False,False
Ooltha,/Lotus/Weapons/Ostron/Melee/ModularMelee01/Tip/TipTwo,Melee,Zaw Component,0,1.25,4,0.0,0.0,0.0,False,False
Orthos,/Lotus/Weapons/Tenno/Melee/Polearms/PolearmWeapon,Melee,Melee,2,1.0,3,0.059999999,1.5,0.18000001,False,False
Orthos Prime,/Lotus/Weapons/Tenno/Melee/Polearms/PrimePolearmWeapon,Melee,Melee,12,0.69999999,2,0.23999999,2.2,0.36000001,True,False
Orvius,/Lotus/Weapons/Tenno/Melee/Glaives/TeshinGlaive/TnTeshinGlaiveWep,Melee,Melee,5,1.35,5,0.18000001,2.0,0.18000001,False,False
Pangolin Prime,/Lotus/Weapons/Tenno/Melee/Swords/PrimePangolinSword/PrimePangolinSword,Melee,Melee,14,1.05,3,0.25999999,2.2,0.30000001,True,False
Pangolin Sword,/Lotus/Weapons/Tenno/Melee/Swords/PangolinSword/PangolinLongSword,Melee,Melee,3,1.47,5,0.079999998,1.5,0.22000003,False,False
Paracesis,/Lotus/Weapons/Orokin/BallasSword/BallasSwordWeapon,Melee,Rifle,10,0.60000002,1,0.31,2.5999999,0.22000003,False,False
Pathocyst,/Lotus/Weapons/Infested/Melee/InfBoomerang/InfBoomerangWeapon,Melee,Melee,9,1.3,5,0.15000001,2.0999999,0.30000001,False,False
Pennant,/Lotus/Weapons/Tenno/Melee/Swords/TnRailjackGreatKatana/TnRailJackGreatKatanaWeapon,Melee,Melee,7,0.94999999,3,0.31999999,2.4000001,0.10000002,False,False
Peye,/Lotus/Weapons/Ostron/Melee/ModularMelee01/Handle/HandleOne,Melee,Zaw Component,0,1.0,3,0.0,0.0,0.0,False,False
Plague Akwin,/Lotus/Weapons/Ostron/Melee/ModularMeleeInfested/Handles/InfestedHandleOne,Melee,Zaw Component,0,1.0,3,0.0,0.0,0.0,False,False
Plague Bokwin,/Lotus/Weapons/Ostron/Melee/ModularMeleeInfested/Handles/InfestedHandleTwo,Melee,Zaw Component,0,1.0,3,0.0,0.0,0.0,False,False
Plague Keewar,/Lotus/Weapons/Ostron/Melee/ModularMeleeInfested/Tips/InfestedTipTwo,Melee,Zaw Component,0,0.80000001,2,0.0,0.0,0.0,False,False
Plague Keewar,/Lotus/Weapons/Ostron/Melee/ModularMeleeInfested/Tips/PvPVariantInfestedTipTwo,Melee,Zaw Component,0,0.80000001,2,0.0,0.0,0.0,False,False
Plague Kripath,/Lotus/Weapons/Ostron/Melee/ModularMeleeInfested/Tips/InfestedTipOne,Melee,Zaw Component,0,0.60000002,1,0.0,0.0,0.0,False,False
Plague Kripath,/Lotus/Weapons/Ostron/Melee/ModularMeleeInfested/Tips/PvPVariantInfestedTipOne,Melee,Zaw Component,0,0.60000002,1,0.0,0.0,0.0,False,False
Plasma Sword,/Lotus/Weapons/Tenno/Melee/Swords/PlasmaSword/PlasmaLongSword,Melee,Melee,4,1.48,5,0.18000001,2.0,0.18000001,False,False
Praedos,/Lotus/Weapons/Tenno/Zariman/Melee/Tonfas/ZarimanTonfaWeapon,Melee,Melee,14,0.60000002,1,0.2,2.0,0.19999999,False,False
Prisma Dual Cleavers,/Lotus/Weapons/Grineer/Melee/GrineerMachetteAndCleaver/PrismaDualCleavers,Melee,Melee,9,1.1,3,0.25,3.0,0.25,False,True
Prisma Machete,/Lotus/Weapons/Grineer/Melee/GrineerMachetteAndCleaver/PrismaMachete,Melee,Melee,7,1.45,5,0.15000001,1.9,0.31,False,True
Prisma Obex,/Lotus/Weapons/Corpus/Melee/KickAndPunch/PrismaObex,Melee,Melee,10,1.25,4,0.25,2.0,0.30000001,False,True
Prisma Ohma,/Lotus/Weapons/Corpus/Melee/CrpTonfa/CrpPrismaTonfa,Melee,Melee,12,0.89999998,3,0.30000001,2.2,0.19999999,False,True
Prisma Skana,/Lotus/Weapons/VoidTrader/PrismaSkana,Melee,Rifle,8,1.2,4,0.28,2.2,0.15999997,False,True
Prova,/Lotus/Weapons/ClanTech/Energy/ElectroProd,Melee,Rifle,3,1.4,5,0.14,2.0,0.15999997,False,False
Prova Vandal,/Lotus/Weapons/ClanTech/Energy/VandalElectroProd,Melee,Rifle,8,1.35,5,0.14,2.0,0.31999999,False,True
Pulmonars,/Lotus/Weapons/Infested/Melee/Nunchaku/InfNunchuck/InfNunchuck,Melee,Melee,11,1.2,4,0.19,2.3,0.33000004,False,False
Pupacyst,/Lotus/Weapons/Infested/Melee/Staff/InfStaff/InfStaff,Melee,Melee,7,1.35,5,0.13,1.5,0.26999998,False,False
Quassus,/Lotus/Weapons/Tenno/Melee/Warfan/TnBrokenFrameWarfan/TnBrokenFrameWarfanWeapon,Melee,Melee,8,1.15,4,0.30000001,2.0,0.12,False,False
Quassus Prime,/Lotus/Weapons/Tenno/Melee/Warfan/PrimeQuassus/PrimeQuassusWeapon,Melee,Melee,13,0.85000002,2,0.34999999,2.5,0.18000001,True,False
Rabvee,/Lotus/Weapons/Ostron/Melee/ModularMelee02/Tip/TipTen,Melee,Zaw Component,0,1.3,5,0.0,0.0,0.0,False,False
Rakta Dark Dagger,/Lotus/Weapons/Syndicates/RedVeil/Melee/RVDarkDagger,Melee,Melee,8,1.0,3,0.12,1.8,0.30000001,False,False
Reaper Prime,/Lotus/Weapons/Tenno/Melee/Scythe/ReaperWeapon,Melee,Melee,10,0.80000001,2,0.34999999,2.5,0.25,True,False
Redeemer,/Lotus/Weapons/Tenno/Melee/Gunblade/TnoGunblade,Melee,Melee,4,1.05,3,0.1,1.8,0.22000003,False,False
Redeemer Prime,/Lotus/Weapons/Tenno/Melee/Gunblade/RedeemerPrime/RedeemerPrimeWep,Melee,Melee,10,0.64999998,1,0.23999999,2.2,0.30000001,True,False
Ripkas,/Lotus/Weapons/Grineer/Melee/GrineerClaws/GrnClaws,Melee,Melee,5,1.3,5,0.2,2.0,0.14999998,False,False
Ruhang,/Lotus/Weapons/Ostron/Melee/ModularMelee01/Balance/BalanceDamageI,Melee,Zaw Component,0,1.0,3,0.0,0.0,0.0,False,False
Ruhang Ii,/Lotus/Weapons/Ostron/Melee/ModularMelee01/Balance/BalanceDamageII,Melee,Zaw Component,0,1.0,3,0.0,0.0,0.0,False,False
Rumblejack,/Lotus/Weapons/Operator/Melee/DrifterTazer/DrifterTazerPlayerWep,Melee,Melee,8,1.2,4,0.14,1.8,0.39999998,False,False
Ruvox,/Lotus/Weapons/Thanotech/EntFistIncarnon/EntFistIncarnon,Melee,Rifle,14,0.89999998,3,0.25999999,2.2,0.19999999,False,False
Sampotes,/Lotus/Weapons/Tenno/Melee/Hammer/DaxDuviriHammer/DaxDuviriHammerWeapon,Melee,Melee,0,1.0,3,0.30000001,3.0,0.27999997,False,False
Sancti Magistar,/Lotus/Weapons/Syndicates/NewLoka/Melee/NLMagistar,Melee,Melee,8,1.25,4,0.30000001,2.0,0.19999999,False,False
Sarofang,/Lotus/Weapons/Tenno/Melee/Axe/WolfFrameAxeWeapon,Melee,Melee,8,1.1,3,0.2,2.0,0.19999999,False,False
Sarpa,/Lotus/Weapons/Tenno/Melee/Gunblade/GunbladeAutomatic/TnoGunbladeAutomatic,Melee,Melee,8,1.2,4,0.14,2.0,0.27999997,False,False
Scindo,/Lotus/Weapons/Tenno/Melee/Axe/AxeWeapon,Melee,Melee,2,1.35,5,0.15000001,1.5,0.10000002,False,False
Scindo Prime,/Lotus/Weapons/Tenno/Melee/Axe/PrimeScindo/PrimeScindoWeapon,Melee,Melee,8,1.3,5,0.25999999,2.4000001,0.24000001,True,False
Scoliac,/Lotus/Weapons/Infested/Melee/Whip/InfestedWhip/InfestedWhipWeapon,Melee,Melee,6,1.3,5,0.13,1.5,0.28999996,False,False
Secura Lecta,/Lotus/Weapons/Syndicates/PerrinSequence/Melee/PSLecta,Melee,Melee,8,1.2,4,0.15000001,1.5,0.30000001,False,False
Seekalla,/Lotus/Weapons/Ostron/Melee/ModularMelee01/Handle/HandleFour,Melee,Zaw Component,0,1.0,3,0.0,0.0,0.0,False,False
Sepfahn,/Lotus/Weapons/Ostron/Melee/ModularMelee02/Tip/TipNine,Melee,Zaw Component,0,0.69999999,2,0.0,0.0,0.0,False,False
Serro,/Lotus/Weapons/Corpus/Melee/Polearm/CorpusPolearm01/CorpusPolearmWeapon,Melee,Melee,6,1.38,5,0.079999998,1.5,0.25999999,False,False
Shaku,/Lotus/Weapons/Tenno/Melee/Nunchaku/TnoNunchaku/TnoNunchaku,Melee,Melee,10,1.35,5,0.18000001,2.0,0.34000003,False,False
Sheev,/Lotus/Weapons/Grineer/Melee/GrineerCombatKnife/GrineerCombatKnife,Melee,Melee,5,1.35,5,0.13,2.0999999,0.25,False,False
Shtung,/Lotus/Weapons/Ostron/Melee/ModularMelee02/Handle/HandleTen,Melee,Zaw Component,0,1.0,3,0.0,0.0,0.0,False,False
Sibear,/Lotus/Weapons/Tenno/Melee/Hammer/IceHammer/IceHammer,Melee,Melee,6,1.35,5,0.15000001,2.0,0.30000001,False,False
Sigma & Octantis,/Lotus/Weapons/Tenno/Melee/SwordsAndBoards/SundialSwordBoard/SundialBoardSword,Melee,Melee,10,1.1,3,0.28,2.2,0.15999997,False,False
Silva & Aegis,/Lotus/Weapons/Tenno/Melee/SwordsAndBoards/MeleeContestWinnerOne/TennoSwordShield,Melee,Melee,0,1.15,4,0.050000001,1.5,0.19999999,False,False
Silva & Aegis Prime,/Lotus/Weapons/Tenno/Melee/PrimeSilvaAegis/PrimeSilvaAegis,Melee,Melee,12,1.05,3,0.25,2.0,0.30000001,True,False
Skana,/Lotus/Weapons/Tenno/Melee/LongSword/LongSword,Melee,Melee,0,1.3,5,0.050000001,1.5,0.15999997,False,False
Skana Prime,/Lotus/Weapons/Tenno/Melee/LongSword/SkanaPrime,Melee,Melee,12,1.2,4,0.25999999,2.5999999,0.25999999,True,False
Skiajati,/Lotus/Weapons/Tenno/Melee/Swords/UmbraKatana/UmbraKatana,Melee,Melee,11,0.89999998,3,0.19,2.0999999,0.30000001,False,False
Slaytra,/Lotus/Weapons/Grineer/Melee/GrnSharbola/GrnSharbolaWeapon,Melee,Melee,13,1.05,3,0.20999999,1.9,0.35000002,False,False
Spinnerex,/Lotus/Weapons/Tenno/Melee/Whips/SpiderWhip/SpiderWhipWeapon,Melee,Melee,12,0.60000002,1,0.16,2.4000001,0.39999998,False,False
Stropha,/Lotus/Weapons/Corpus/Melee/Gunblade/CrpGunBlade/CrpGunbladeWeapon,Melee,Melee,10,0.64999998,1,0.30000001,2.4000001,0.13999999,False,False
Sun & Moon,/Lotus/Types/Friendly/PlayerControllable/Weapons/DuviriDualSwordsWeapon,Melee,Melee,0,0.80000001,2,0.2,2.4000001,0.22000003,False,False
Syam,/Lotus/Weapons/Tenno/Melee/Swords/DaxDuviriKatana/DaxDuviriKatanaWeapon,Melee,Melee,0,0.75,2,0.22,2.0,0.34000003,False,False
Sydon,/Lotus/Weapons/Grineer/Melee/GrnTrident/GrnTridentWeapon,Melee,Melee,5,1.35,5,0.1,2.0,0.25,False,False
Synoid Heliocor,/Lotus/Weapons/Syndicates/CephalonSuda/Melee/CSHeliocor,Melee,Melee,11,1.35,5,0.16,2.0,0.39999998,False,False
Tak & Lug,/Lotus/Weapons/Tenno/Melee/SwordsAndBoards/MortiforShieldAndSword/MortiforShieldAndSword,Melee,Melee,9,0.5,1,0.20999999,1.9,0.31,False,False
Tatsu,/Lotus/Weapons/Tenno/Melee/Swords/TnTwoHandedKatana/TnTwoHandedKatana,Melee,Melee,7,1.05,3,0.16,2.0,0.27999997,False,False
Tatsu Prime,/Lotus/Weapons/Tenno/Melee/Swords/PrimeTatsu/PrimeTatsuWeapon,Melee,Melee,14,0.89999998,3,0.22,2.4000001,0.30000001,True,False
Tekko,/Lotus/Weapons/Tenno/Melee/Gauntlet/BrawlerKnuckles/BrawlerKnuckles,Melee,Melee,6,1.4,5,0.30000001,2.0,0.10000002,False,False
Tekko Prime,/Lotus/Weapons/Tenno/Melee/PrimeTekko/PrimeTekko,Melee,Melee,12,1.3,5,0.30000001,2.4000001,0.25999999,True,False
Telos Boltace,/Lotus/Weapons/Syndicates/ArbitersOfHexis/Melee/AHBoltace,Melee,Melee,11,1.1,3,0.2,2.0,0.35000002,False,False
Tenet Agendus,/Lotus/Weapons/Corpus/Melee/ShieldAndSword/CrpHammerShield/CrpHammerShield,Melee,Melee,14,0.89999998,3,0.23999999,2.0,0.27999997,False,True
Tenet Exec,/Lotus/Weapons/Tenno/Melee/Swords/CrpBigSlash/CrpBigSlash,Melee,Melee,16,0.80000001,2,0.38,2.4000001,0.22000003,False,True
Tenet Grigori,/Lotus/Weapons/Corpus/Melee/CrpBriefcaseScythe/CrpBriefcaseScythe,Melee,Melee,14,0.89999998,3,0.23999999,1.6,0.38,False,True
Tenet Livia,/Lotus/Weapons/Corpus/Melee/CrpBriefcase2HKatana/CrpBriefcase2HKatana,Melee,Melee,14,0.94999999,3,0.28,2.2,0.27999997,False,True
Thalys,/Lotus/Weapons/Tenno/Zariman/Melee/HeavyScythe/ZarimanHeavyScythe/ZarimanHeavyScytheWeapon,Melee,Melee,12,0.60000002,1,0.30000001,2.2,0.24000001,False,False
Tipedo,/Lotus/Weapons/Tenno/Melee/Staff/MonkSpade/TnoMonkStaff,Melee,Melee,3,1.3099999,5,0.2,2.0,0.19999999,False,False
Tipedo Prime,/Lotus/Weapons/Tenno/Melee/Staff/TipedoPrime/TipedoPrimeWeapon,Melee,Melee,10,1.25,4,0.23999999,2.4000001,0.24000001,True,False
Tonbo,/Lotus/Weapons/Tenno/Melee/Polearms/FlowerPowerPolearm/FlowerPowerPolearmWep,Melee,Melee,3,1.38,5,0.050000001,2.0,0.25,False,False
Tonkkatt,/Lotus/Weapons/Grineer/Melee/Tonfa/GrnChainSawTonfa/GrnChainSawTonfaWeapon,Melee,Melee,9,0.5,1,0.23,2.0999999,0.20999998,False,False
Twin Basolk,/Lotus/Weapons/Grineer/Melee/GrnDualFireAxe/GrnDualFireAxe,Melee,Melee,7,1.3,5,0.050000001,2.0,0.39999998,False,False
Twin Krohkur,/Lotus/Weapons/Grineer/Melee/GrnEgyptSwd/DualGrnEgyptSwdWeapon,Melee,Melee,10,1.2,4,0.19,1.7,0.33000004,False,False
Vargeet Ii Jai,/Lotus/Weapons/Ostron/Melee/ModularMelee01/Balance/BalanceSpeedICritII,Melee,Zaw Component,0,1.0,3,0.0,0.0,0.0,False,False
Vargeet Ii Ruhang,/Lotus/Weapons/Ostron/Melee/ModularMelee01/Balance/BalanceDamageICritII,Melee,Zaw Component,0,1.0,3,0.0,0.0,0.0,False,False
Vargeet Jai,/Lotus/Weapons/Ostron/Melee/ModularMelee01/Balance/BalanceSpeedICritI,Melee,Zaw Component,0,1.0,3,0.0,0.0,0.0,False,False
Vargeet Jai Ii,/Lotus/Weapons/Ostron/Melee/ModularMelee01/Balance/BalanceSpeedIICritI,Melee,Zaw Component,0,1.0,3,0.0,0.0,0.0,False,False
Vargeet Ruhang,/Lotus/Weapons/Ostron/Melee/ModularMelee01/Balance/BalanceDamageICritI,Melee,Zaw Component,0,1.0,3,0.0,0.0,0.0,False,False
Vargeet Ruhang Ii,/Lotus/Weapons/Ostron/Melee/ModularMelee01/Balance/BalanceDamageIICritI,Melee,Zaw Component,0,1.0,3,0.0,0.0,0.0,False,False
Vastilok,/Lotus/Weapons/Grineer/Melee/GunBlade/GrnGunBlade/GrnGunblade,Melee,Melee,9,0.89999998,3,0.19,1.7,0.31,False,False
Vaykor Sydon,/Lotus/Weapons/Syndicates/SteelMeridian/Melee/SMSydon,Melee,Melee,11,1.3,5,0.20999999,2.5,0.33000004,False,False
Venato,/Lotus/Weapons/Sentients/SentJointedScythe/SentJointedScytheWeapon,Melee,Rifle,9,1.3,5,0.27000001,2.0999999,0.24000001,False,False
Venato Prime,/Lotus/Weapons/Tenno/Melee/Scythe/PrimeVento/PrimeVentoScythe,Melee,Melee,14,0.5,1,0.34,2.3,0.31999999,True,False
Venka,/Lotus/Weapons/Tenno/Melee/Claws/TennoClaws,Melee,Melee,4,1.1,3,0.15000001,2.0,0.14999998,False,False
Venka Prime,/Lotus/Weapons/Tenno/Melee/PrimeVenKa/PrimeVenkaClaws,Melee,Melee,14,0.85000002,2,0.31999999,2.5999999,0.24000001,True,False
Verdilac,/Lotus/Weapons/Archon/Melee/Whip/ArchonWhipPlayerWep,Melee,Melee,13,1.1,3,0.30000001,2.5,0.20999998,False,False
Vericres,/Lotus/Weapons/Tenno/Melee/Warfan/TnMoonWarfan/MoonWarfanWeapon,Melee,Melee,8,1.15,4,0.22,2.0,0.19999999,False,False
Vitrica,/Lotus/Weapons/Tenno/Melee/Swords/NWIIIOrokinSword/NWOrokinSword,Melee,Melee,13,1.05,3,0.23,2.3,0.33000004,False,False
Volnus,/Lotus/Weapons/Tenno/Melee/Hammer/GlassHammer/GlassHammer,Melee,Melee,9,1.4,5,0.18000001,1.6,0.30000001,False,False
Volnus Prime,/Lotus/Weapons/Tenno/Melee/PrimeVolnus/VolnusPrimeWeapon,Melee,Melee,14,1.3,5,0.2,1.8,0.34000003,True,False
War,/Lotus/Weapons/Tenno/Melee/Swords/StalkerTwo/StalkerTwoGreatSword,Melee,Melee,10,1.05,3,0.25999999,2.5999999,0.25999999,False,False
Wolf Sledge,/Lotus/Weapons/Tenno/Melee/Hammer/ThrowingHammer,Melee,Melee,7,1.25,4,0.17,1.9,0.33000004,False,False
Xoris,/Lotus/Weapons/Corpus/Melee/Glaive/CrpGhostCatcherGlaive/CrpGhostCatcherGlaive,Melee,Melee,4,0.64999998,1,0.2,2.4000001,0.18000001,False,False
Zenistar,/Lotus/Weapons/Tenno/Melee/SunDialAxe/SundialAxeWeapon,Melee,Melee,6,1.15,4,0.1,2.0,0.30000001,False,False
Acceltra,/Lotus/Weapons/Tenno/LongGuns/SapientPrimary/SapientPrimaryWeapon,Primary,Rifle,8,0.64999998,1,0.31999999,2.8,0.060000002,False,False
Acceltra Prime,/Lotus/Weapons/Tenno/LongGuns/PrimeAcceltra/PrimeAcceltraWeapon,Primary,Rifle,14,0.55000001,1,0.34,3.0,0.18000001,True,False
Aeolak,/Lotus/Weapons/Tenno/LongGuns/TnRifleErsatz/TnRifleErsatzWeapon,Primary,Rifle,10,1.2,4,0.20999999,2.3,0.33000004,False,False
Afentis,/Lotus/Weapons/Tenno/LongGuns/TnHopliteSpear/TnHopliteSpearGunWeapon,Primary,Rifle,8,1.05,3,0.25999999,2.2,0.24000001,False,False
Alternox,/Lotus/Weapons/Tenno/LongGuns/GyreRifle/GyreRifleWeapon,Primary,Rifle,8,1.15,4,0.14,2.2,0.30000001,False,False
Alternox Prime,/Lotus/Weapons/Tenno/LongGuns/PrimeAlternox/PrimeAlternoxWeapon,Primary,Rifle,13,0.5,1,0.2,2.2,0.39999998,True,False
Ambassador,/Lotus/Weapons/Corpus/LongGuns/CrpArSniper/CrpArSniperRifle,Primary,Rifle,10,1.15,4,0.14,2.8,0.25999999,False,False
Amprex,/Lotus/Weapons/Corpus/LongGuns/ChainLightningGun/ChainLightningRifle,Primary,Rifle,10,0.85000002,2,0.31999999,2.2,0.22000003,False,False
Arca Plasmor,/Lotus/Weapons/Corpus/LongGuns/CrpShotgun/CrpShotgun,Primary,Shotgun,10,0.94999999,3,0.22,1.6,0.27999997,False,False
Argonak,/Lotus/Weapons/Grineer/LongGuns/LaserAimRifle/LaserAimRifle,Primary,Rifle,7,1.25,4,0.27000001,2.3,0.19,False,False
Astilla,/Lotus/Weapons/Tenno/LongGuns/TnGlassShotgun/TnGlassShotgunGun,Primary,Shotgun,10,1.25,4,0.17,1.9,0.33000004,False,False
Astilla Prime,/Lotus/Weapons/Tenno/LongGuns/PrimeAstilla/AstillaPrimeWeapon,Primary,Shotgun,14,1.15,4,0.20999999,1.9,0.37,True,False
Attica,/Lotus/Weapons/Tenno/LongGuns/TnoPrmryXbow/TnoPrmryXbowWeapon,Primary,Rifle,7,1.42,5,0.25,3.0,0.10000002,False,False
Ax-52,/Lotus/Weapons/Lasria/AK47/TC2024AK47Weapon,Primary,Rifle,12,0.80000001,2,0.25999999,2.4000001,0.18000001,False,False
Basmu,/Lotus/Weapons/Sentients/SentRifleNewWar/SentRifleNewWarGun,Primary,Rifle,11,1.2,4,0.15000001,2.0,0.28999996,False,False
Battacor,/Lotus/Weapons/Corpus/LongGuns/CrpSentExperimentRifle/CrpSentExperimentRifle,Primary,Rifle,10,1.1,3,0.31999999,2.4000001,0.18000001,False,False
Baza,/Lotus/Weapons/Tenno/LongGuns/TnSMG/TnSMGWeapon,Primary,Rifle,7,1.05,3,0.25999999,3.0,0.10000002,False,False
Baza Prime,/Lotus/Weapons/Tenno/LongGuns/PrimeBaza/PrimeBazaGun,Primary,Rifle,10,1.0,3,0.28,3.0,0.13999999,True,False
Boar,/Lotus/Weapons/Tenno/Shotgun/FullAutoShotgun,Primary,Shotgun,2,1.45,5,0.1,1.5,0.074999988,False,False
Boar Prime,/Lotus/Weapons/Tenno/Shotgun/PrimeBoar,Primary,Shotgun,11,1.34,5,0.15000001,2.0,0.11250001,True,False
Boltor,/Lotus/Weapons/Tenno/Rifle/BoltoRifle,Primary,Rifle,2,1.3,5,0.1,1.8,0.13999999,False,False
Boltor Prime,/Lotus/Weapons/Tenno/LongGuns/PrimeBoltor/PrimeBoltor,Primary,Rifle,13,1.2,4,0.12,2.0,0.34000003,True,False
Braton,/Lotus/Weapons/Tenno/Rifle/Rifle,Primary,Rifle,0,1.35,5,0.12,1.6,0.060000002,False,False
Braton Prime,/Lotus/Weapons/Tenno/Rifle/BratonPrime,Primary,Rifle,8,1.25,4,0.12,2.0,0.25999999,True,False
Braton Vandal,/Lotus/Weapons/Tenno/Rifle/VIPRifle,Primary,Rifle,4,1.3,5,0.16,2.0,0.15999997,False,True
Bubonico,/Lotus/Weapons/Infested/LongGuns/InfArmCannon/InfArmCannon,Primary,Shotgun,13,0.75,2,0.25,2.3,0.092857122,False,False
Burston,/Lotus/Weapons/Tenno/Rifle/BurstRifle,Primary,Rifle,0,1.45,5,0.059999999,1.6,0.18000001,False,False
Burston Prime,/Lotus/Weapons/Tenno/LongGuns/PrimeBurston/PrimeBurston,Primary,Rifle,12,1.35,5,0.18000001,1.8,0.30000001,True,False
Buzlok,/Lotus/Weapons/Grineer/LongGuns/GrnGorgSniperRifle/GrnGorgSniperRifle,Primary,Sniper,11,1.45,5,0.23,2.5,0.20999998,False,False
Carmine Penta,/Lotus/Weapons/Corpus/LongGuns/GrenadeLauncher/CarminePenta,Primary,Launcher,6,1.3,5,0.1,2.0,0.10000002,False,False
Cedo,/Lotus/Weapons/Tenno/LongGuns/TnAlchemistShotgun/TnAlchemistShotgun,Primary,Shotgun,8,0.64999998,1,0.2,2.4000001,0.0033333302,False,False
Cedo Prime,/Lotus/Weapons/Tenno/LongGuns/PrimeCedo/PrimeCedoWeapon,Primary,Shotgun,15,0.55000001,1,0.23999999,2.4000001,0.019999981,True,False
Cernos,/Lotus/Weapons/Tenno/Bows/AntlerBow/AntlerBow,Primary,Bow,6,1.3,5,0.36000001,2.0,0.18000001,False,False
Cernos Prime,/Lotus/Weapons/Tenno/Bows/PrimeCernos/PrimeCernos,Primary,Bow,12,1.25,4,0.34999999,2.0,0.30000001,True,False
Cinta,/Lotus/Weapons/Tenno/Bows/DaxDuviriAsymetricalBow/DaxDuviriAsymmetricalLongBowPlayerWeapon,Primary,Bow,6,1.25,4,0.2,2.0,0.31999999,False,False
Coda Bassocyst,/Lotus/Weapons/Infested/InfestedLich/LongGuns/1999InfShotgun/1999InfShotgunWeapon,Primary,Shotgun,17,0.60000002,1,0.18000001,2.2,0.39999998,False,False
Coda Hema,/Lotus/Weapons/Infested/InfestedLich/LongGuns/CodaHema,Primary,Rifle,17,0.89999998,3,0.2,2.3,0.30000001,False,False
Coda Sporothrix,/Lotus/Weapons/Infested/InfestedLich/LongGuns/CodaSporothrix,Primary,Sniper,17,0.85000002,2,0.050000001,3.0,0.55000001,False,False
Coda Synapse,/Lotus/Weapons/Infested/InfestedLich/LongGuns/CodaSynapse,Primary,Rifle,17,0.85000002,2,0.40000001,2.7,0.14999998,False,False
Convectrix,/Lotus/Weapons/Corpus/LongGuns/CrpSplitLaser/CrpSplitLaser,Primary,Shotgun,7,1.46,5,0.16,2.4000001,0.44999999,False,False
Corinth,/Lotus/Weapons/Tenno/LongGuns/TnHeavyShotgun/TnHeavyShotgunGun,Primary,Shotgun,8,1.15,4,0.30000001,2.8,0.060000002,False,False
Corinth Prime,/Lotus/Weapons/Tenno/LongGuns/PrimeCorinth/PrimeCorinth,Primary,Shotgun,14,1.0,3,0.30000001,2.8,0.090000033,True,False
Daikyu,/Lotus/Weapons/Tenno/Bows/AsymetricalBow/AsymetricalBow,Primary,Bow,10,1.3,5,0.34,2.0,0.46000004,False,False
Daikyu Prime,/Lotus/Weapons/Tenno/Bows/PrimeDaikyu/PrimeDaikyuBow,Primary,Bow,15,0.80000001,2,0.40000001,2.4000001,0.5,True,False
Dera,/Lotus/Weapons/ClanTech/Energy/EnergyRifle,Primary,Rifle,4,1.4,5,0.079999998,1.6,0.22000003,False,False
Dera Vandal,/Lotus/Weapons/ClanTech/Energy/DeraVandal,Primary,Rifle,7,1.35,5,0.079999998,2.0,0.30000001,False,True
Dex Sybaris,/Lotus/Weapons/Tenno/LongGuns/DexTheThird/DexTheThird,Primary,Rifle,7,1.3,5,0.34999999,2.0,0.10000002,False,False
Drakgoon,/Lotus/Weapons/Grineer/LongGuns/GrineerFlakCannon/FlakCannon,Primary,Shotgun,5,1.4,5,0.050000001,2.0,0.069000006,False,False
Dread,/Lotus/Weapons/Tenno/Bows/StalkerBow,Primary,Bow,5,1.3,5,0.5,2.0,0.19999999,False,False
Efv-5 Jupiter,/Lotus/Weapons/Lasria/LasGooAK/LasGooAKPlayerWeapon,Primary,Rifle,14,0.94999999,3,0.20999999,2.3,0.25,False,False
Evensong,/Lotus/Weapons/Tenno/Bows/TnChoirBow/TnChoirBow,Primary,Bow,10,1.15,4,0.25,2.2,0.38,False,False
Exergis,/Lotus/Weapons/Corpus/LongGuns/CrpShapeBlast/CrpShapeBlastShotgun,Primary,Shotgun,8,1.1,3,0.079999998,1.4,0.36000001,False,False
Felarx,/Lotus/Weapons/Tenno/Zariman/LongGuns/PumpShotgun/ZarimanPumpShotgun,Primary,Shotgun,14,0.60000002,1,0.2,2.0,0.055000007,False,False
Ferrox,/Lotus/Weapons/Corpus/LongGuns/Spears/Railgun/CorpusRailgun,Primary,Rifle,14,1.25,4,0.31999999,2.8,0.10000002,False,False
Flux Rifle,/Lotus/Weapons/ClanTech/Energy/CrpLaserRifle,Primary,Rifle,6,1.55,5,0.1,2.0,0.24000001,False,False
Fulmin,/Lotus/Weapons/Tenno/LongGuns/TnWispRifle/TnWispRifle,Primary,Rifle,8,1.0,3,0.30000001,2.2,0.15999997,False,False
Fulmin Prime,/Lotus/Weapons/Tenno/LongGuns/PrimeFulmin/PrimeFulmin,Primary,Rifle,12,0.75,2,0.30000001,2.2,0.22000003,True,False
Glaxion,/Lotus/Weapons/Corpus/LongGuns/CrpFreezeRay/CrpFreezeRayRifle,Primary,Rifle,8,1.3,5,0.079999998,2.0,0.34000003,False,False
Glaxion Vandal,/Lotus/Weapons/Corpus/LongGuns/CrpFreezeRay/Vandal/CrpFreezeRayVandalRifle,Primary,Rifle,12,1.25,4,0.14,2.0,0.38,False,True
Gorgon,/Lotus/Weapons/Tenno/Rifle/HeavyRifle,Primary,Rifle,3,1.4,5,0.17,1.5,0.090000033,False,False
Gorgon Wraith,/Lotus/Weapons/Grineer/LongGuns/WraithGorgon/WraithGorgon,Primary,Rifle,7,1.35,5,0.15000001,1.9,0.20999998,False,True
Gotva Prime,/Lotus/Weapons/Grineer/LongGuns/GrnOrokinRifle/GrnOrokinRifleWeapon,Primary,Rifle,14,0.85000002,2,0.23,2.5,0.26999998,True,False
Grakata,/Lotus/Weapons/Grineer/LongGuns/GrineerAssaultRifle/GrnAssaultRifle,Primary,Rifle,5,1.35,5,0.25,2.0,0.19999999,False,False
Grinlok,/Lotus/Weapons/Grineer/LongGuns/GrineerLeverActionRifle/GLARifle,Primary,Rifle,7,1.3,5,0.15000001,2.5,0.35000002,False,False
Harpak,/Lotus/Weapons/Grineer/LongGuns/GrnHarpoonGun/GrnHarpoonGun,Primary,Rifle,7,1.55,5,0.2,2.3,0.17000002,False,False
Hek,/Lotus/Weapons/Tenno/Shotgun/QuadShotgun,Primary,Shotgun,4,1.2,4,0.1,2.0,0.10714287,False,False
Hema,/Lotus/Weapons/Infested/LongGuns/InfWFAccompanyingPri/InfestedBurstRifle,Primary,Rifle,7,1.3,5,0.11,2.0,0.25,False,False
Higasa,/Lotus/Weapons/Tenno/LongGuns/Gunbrella/ShrineMaidenGunbrellaWeapon,Primary,Rifle,2,1.2,4,0.23999999,2.0,0.18000001,False,False
Hind,/Lotus/Weapons/Grineer/LongGuns/BurstRifle/GrnBurstRifle,Primary,Rifle,0,1.42,5,0.07,1.5,0.14999998,False,False
Ignis,/Lotus/Weapons/ClanTech/Chemical/FlameThrower,Primary,Rifle,5,0.64999998,1,0.11,2.0,0.26999998,False,False
Ignis Wraith,/Lotus/Weapons/ClanTech/Chemical/FlameThrowerWraith,Primary,Rifle,9,0.60000002,1,0.17,2.5,0.28999996,False,True
Javlok,/Lotus/Weapons/Grineer/LongGuns/GrnFlameSpear/GrnFlameSpear,Primary,Rifle,7,1.3,5,0.2,2.0,0.25,False,False
Karak,/Lotus/Weapons/Grineer/LongGuns/GrineerM16Homage/GrineerM16Rifle,Primary,Rifle,1,1.35,5,0.090000004,1.5,0.14999998,False,False
Karak Wraith,/Lotus/Weapons/Grineer/LongGuns/GrineerM16Homage/KarakWraith,Primary,Rifle,7,1.28,4,0.13,2.0,0.25,False,True
Kohm,/Lotus/Weapons/Grineer/LongGuns/GrnSpark/GrnSparkRifle,Primary,Shotgun,5,1.3,5,0.11,2.3,0.083333313,False,False
Komorex,/Lotus/Weapons/Corpus/LongGuns/CrpSentAmlgSniper/CrpSentAmlgSniper,Primary,Sniper,8,1.15,4,0.16,2.0999999,0.35000002,False,False
Kuva Bramma,/Lotus/Weapons/Grineer/Bows/GrnBow/GrnBowWeapon,Primary,Bow,15,0.64999998,1,0.34999999,2.0999999,0.20999998,False,True
Kuva Chakkhurr,/Lotus/Weapons/Grineer/LongGuns/GrnKuvaLichRifle/GrnKuvaLichRifleWeapon,Primary,Rifle,15,0.94999999,3,0.5,2.3,0.26999998,False,True
Kuva Drakgoon,/Lotus/Weapons/Grineer/KuvaLich/LongGuns/Drakgoon/KuvaDrakgoon,Primary,Shotgun,13,1.15,4,0.19,2.0999999,0.089999974,False,True
Kuva Hek,/Lotus/Weapons/Grineer/KuvaLich/LongGuns/Hek/KuvaHekWeapon,Primary,Shotgun,15,1.0,3,0.23,2.0999999,0.13285714,False,True
Kuva Hind,/Lotus/Weapons/Grineer/KuvaLich/LongGuns/Hind/KuvaHind,Primary,Rifle,15,1.1,3,0.25,2.0999999,0.33000004,False,True
Kuva Karak,/Lotus/Weapons/Grineer/KuvaLich/LongGuns/Karak/KuvaKarak,Primary,Rifle,13,1.05,3,0.23,2.0999999,0.31,False,True
Kuva Kohm,/Lotus/Weapons/Grineer/KuvaLich/LongGuns/Kohm/KuvaKohm,Primary,Shotgun,13,0.89999998,3,0.19,2.3,0.10000002,False,True
Kuva Ogris,/Lotus/Weapons/Grineer/KuvaLich/LongGuns/Ogris/KuvaOgris,Primary,Launcher,15,0.69999999,2,0.090000004,2.0,0.47000003,False,True
Kuva Quartakk,/Lotus/Weapons/Grineer/KuvaLich/LongGuns/Quartakk/KuvaQuartakk,Primary,Rifle,13,1.1,3,0.20999999,1.9,0.33000004,False,True
Kuva Sobek,/Lotus/Weapons/Grineer/KuvaLich/LongGuns/Sobek/KuvaSobek,Primary,Shotgun,15,0.80000001,2,0.20999999,2.3,0.20999998,False,True
Kuva Tonkor,/Lotus/Weapons/Grineer/KuvaLich/LongGuns/Tonkor/KuvaTonkor,Primary,Launcher,13,0.89999998,3,0.30000001,2.5,0.17000002,False,True
Kuva Zarr,/Lotus/Weapons/Grineer/KuvaLich/LongGuns/Zarr/KuvaZarr,Primary,Launcher,15,0.69999999,2,0.25,2.5,0.31,False,True
Lanka,/Lotus/Weapons/ClanTech/Energy/Railgun,Primary,Sniper,10,1.05,3,0.2,2.0,0.25,False,False
Latron,/Lotus/Weapons/Tenno/Rifle/SemiAutoRifle,Primary,Rifle,0,1.4,5,0.12,2.0,0.12,False,False
Latron Prime,/Lotus/Weapons/Tenno/Rifle/LatronPrime,Primary,Rifle,10,1.3,5,0.22,2.8,0.25999999,True,False
Latron Wraith,/Lotus/Weapons/Tenno/LongGuns/WraithLatron/WraithLatron,Primary,Rifle,7,1.35,5,0.25999999,2.8,0.13999999,False,True
Lenz,/Lotus/Weapons/Corpus/Bow/Longbow/CrpBow,Primary,Bow,8,1.05,3,0.5,2.0,0.050000012,False,False
Miter,/Lotus/Weapons/Grineer/LongGuns/GrineerSawbladeGun/SawBladeGun,Primary,Rifle,6,1.5,5,0.050000001,2.0,0.5,False,False
Mk1-Braton,/Lotus/Weapons/Tenno/Rifle/StartingRifle,Primary,Rifle,0,1.35,5,0.079999998,1.5,0.050000012,False,False
Mk1-Paris,/Lotus/Weapons/MK1Series/MK1Paris,Primary,Bow,0,1.45,5,0.30000001,2.0,0.14999998,False,False
Mk1-Strun,/Lotus/Weapons/MK1Series/MK1Strun,Primary,Shotgun,0,1.45,5,0.075000003,2.0,0.060000002,False,False
Mutalist Cernos,/Lotus/Weapons/Infested/Bow/InfCernosBow/InfCernos,Primary,Rifle,7,1.35,5,0.15000001,2.0,0.49000001,False,False
Mutalist Quanta,/Lotus/Weapons/Infested/LongGuns/InfCrpShockSwarm/InfCrpShockSwarmRifle,Primary,Rifle,2,1.5,5,0.025,1.5,0.14999998,False,False
Nagantaka,/Lotus/Weapons/Tenno/LongGuns/GarudaCrossbow/GarudaCrossbow,Primary,Rifle,9,1.3,5,0.15000001,2.3,0.38999999,False,False
Nagantaka Prime,/Lotus/Weapons/Tenno/LongGuns/PrimeNagantaka/PrimeNagantakaWeapon,Primary,Rifle,12,1.15,4,0.25,2.3,0.38999999,True,False
Nataruk,/Lotus/Weapons/Tenno/Bows/Omicrus/OmicrusPlayerWep,Primary,Bow,0,0.64999998,1,0.2,1.8,0.5,False,False
Ogris,/Lotus/Weapons/ClanTech/Chemical/RocketLauncher,Primary,Launcher,9,1.3,5,0.050000001,2.0,0.35000002,False,False
Opticor,/Lotus/Weapons/Corpus/LongGuns/CrpBFG/CrpBFG,Primary,Rifle,14,1.15,4,0.2,2.5,0.19999999,False,False
Opticor Vandal,/Lotus/Weapons/Corpus/LongGuns/CrpBFG/Vandal/VandalCrpBFG,Primary,Rifle,14,1.1,3,0.23999999,2.5999999,0.30000001,False,True
Panthera,/Lotus/Weapons/Tenno/LongGuns/Miter/TnoMiter,Primary,Rifle,7,1.4,5,0.12,2.0,0.24000001,False,False
Panthera Prime,/Lotus/Weapons/Tenno/LongGuns/PrimePanthera/PrimePanthera,Primary,Rifle,14,1.25,4,0.18000001,2.0,0.30000001,True,False
Paracyst,/Lotus/Weapons/Infested/LongGuns/QuantaFullyInfested/InfQuantaRifle,Primary,Rifle,7,1.3099999,5,0.1,2.0,0.30000001,False,False
Paris,/Lotus/Weapons/Tenno/Bows/HuntingBow,Primary,Bow,0,1.4,5,0.30000001,2.0,0.10000002,False,False
Paris Prime,/Lotus/Weapons/Tenno/Bows/PrimeHuntingBow,Primary,Bow,8,1.35,5,0.44999999,2.0,0.19999999,True,False
Penta,/Lotus/Weapons/Corpus/LongGuns/GrenadeLauncher/GrenadeLauncher,Primary,Launcher,6,1.35,5,0.1,2.0,0.10000002,False,False
Perigale,/Lotus/Weapons/Tenno/LongGuns/TnQuadSniper/TnQuadSniper,Primary,Sniper,8,1.15,4,0.28,2.5999999,0.15999997,False,False
Phage,/Lotus/Weapons/Infested/LongGuns/Tentacluster/InfestedShotgun,Primary,Shotgun,11,1.46,5,0.19,2.0,0.15499997,False,False
Phantasma,/Lotus/Weapons/Tenno/LongGuns/RevenantShotgun/RevenantShotgun,Primary,Shotgun,9,1.1,3,0.029999999,1.5,0.222,False,False
Phantasma Prime,/Lotus/Weapons/Tenno/LongGuns/PrimePhantasma/PhantasmaPrimeShotgun,Primary,Shotgun,14,0.80000001,2,0.11,1.9,0.222,True,False
Phenmor,/Lotus/Weapons/Tenno/Zariman/LongGuns/SemiAutoRifle/ZarimanSemiAutoRifle,Primary,Rifle,14,0.60000002,1,0.2,2.0,0.19999999,False,False
Prisma Gorgon,/Lotus/Weapons/Grineer/LongGuns/VoidTraderGorgon/VTGorgon,Primary,Rifle,11,1.3,5,0.30000001,2.3,0.14999998,False,True
Prisma Grakata,/Lotus/Weapons/VoidTrader/PrismaGrakata,Primary,Rifle,11,1.3,5,0.25,2.5,0.20999998,False,True
Prisma Grinlok,/Lotus/Weapons/Grineer/LongGuns/GrineerLeverActionRifle/PrismaGrinlokWeapon,Primary,Rifle,11,1.25,4,0.20999999,2.9000001,0.37,False,True
Prisma Lenz,/Lotus/Weapons/Corpus/Bow/Longbow/PrismaLenz/PrismaLenzWeapon,Primary,Bow,12,1.0,3,0.5,2.8,0.15999997,False,True
Prisma Tetra,/Lotus/Weapons/Corpus/LongGuns/CorpusUMP/PrismaCorpusUMP,Primary,Rifle,4,1.45,5,0.1,2.0,0.24000001,False,True
Proboscis Cernos,/Lotus/Weapons/Tenno/Bows/PrimeDerelictCernos/DerelictCernos,Primary,Bow,15,0.89999998,3,0.07,1.9,0.43000001,False,False
Purgator 1,/Lotus/Weapons/Lasria/LasGrenadeLauncher/LasrianNoxPlayerWeapon,Primary,Rifle,14,1.0,3,0.31,2.3,0.19,False,False
Quanta,/Lotus/Weapons/Corpus/LongGuns/CrpShockRifle/CrpShockRifle,Primary,Rifle,4,1.4,5,0.16,2.2,0.24000001,False,False
Quanta Vandal,/Lotus/Weapons/Corpus/LongGuns/CrpShockRifle/QuantaVandal,Primary,Rifle,10,1.4,5,0.22,2.4000001,0.44999999,False,True
Quartakk,/Lotus/Weapons/Grineer/LongGuns/GrnFourBarrelRifle/GrnFourBarrelRifleWeapon,Primary,Rifle,10,1.25,4,0.19,2.3,0.26999998,False,False
Quellor,/Lotus/Weapons/Tenno/LongGuns/TnRailjackRifle/RailjackRifleGun,Primary,Rifle,12,1.15,4,0.12,1.6,0.38,False,False
Rakta Cernos,/Lotus/Weapons/Syndicates/RedVeil/Bows/RVCernos,Primary,Bow,12,1.25,4,0.34999999,2.0,0.14999998,False,False
Rauta,/Lotus/Weapons/Tenno/LongGuns/PaxDuviricusShotgun/PaxDuviricusShotgun,Primary,Shotgun,8,1.1,3,0.059999999,2.0,0.12,False,False
Reconifex,/Lotus/Weapons/Tenno/LongGuns/TnBeltFedRifle/TnBeltFedRifleWeapon,Primary,Rifle,14,0.89999998,3,0.28,2.8,0.15999997,False,False
Rubico,/Lotus/Weapons/Tenno/LongGuns/FiveShotSniper/FiveShotSniper,Primary,Sniper,6,0.94999999,3,0.30000001,3.0,0.12,False,False
Rubico Prime,/Lotus/Weapons/Tenno/LongGuns/RubicoPrime/RubicoPrimeWeapon,Primary,Sniper,12,0.69999999,2,0.38,3.0,0.15999997,True,False
Sancti Tigris,/Lotus/Weapons/Syndicates/NewLoka/LongGuns/NLTigris,Primary,Shotgun,12,1.0,3,0.15000001,1.5,0.13999999,False,False
Scourge,/Lotus/Weapons/Tenno/LongGuns/TnPriestSpear/TnPriestSpearGun,Primary,Rifle,6,1.2,4,0.02,1.5,0.30000001,False,False
Scourge Prime,/Lotus/Weapons/Tenno/LongGuns/PrimeScourge/PrimeScourgeWeapon,Primary,Rifle,14,1.1,3,0.1,2.0,0.30000001,True,False
Secura Penta,/Lotus/Weapons/Syndicates/PerrinSequence/LongGuns/PSPenta,Primary,Launcher,12,1.3,5,0.25999999,2.0,0.25999999,False,False
Shedu,/Lotus/Weapons/Sentients/Shedu/SheduHeavyWeapon,Primary,Rifle,13,0.75,2,0.25,2.0999999,0.23000002,False,False
Simulor,/Lotus/Weapons/Cephalon/Primary/CephPrimary/CephPrimary,Primary,Rifle,5,1.25,4,0.12,2.0,0.30000001,False,False
Sirocco,/Lotus/Weapons/Operator/Pistols/DrifterPistol/DrifterPistolPlayerWeapon,Primary,Pistol,0,1.0,3,0.40000001,2.0,0.19999999,False,False
Snipetron,/Lotus/Weapons/Tenno/Rifle/SniperRifle,Primary,Sniper,0,1.3,5,0.30000001,1.5,0.12,False,False
Snipetron Vandal,/Lotus/Weapons/Tenno/Rifle/VandalSniperRifle,Primary,Sniper,5,1.25,4,0.28,2.0,0.15999997,False,True
Sobek,/Lotus/Weapons/Tenno/Shotgun/DoubleBarrelShotgun,Primary,Shotgun,7,1.33,5,0.11,2.0,0.162,False,False
Soma,/Lotus/Weapons/Tenno/Rifle/TennoAR,Primary,Rifle,6,1.15,4,0.30000001,3.0,0.069999993,False,False
Soma Prime,/Lotus/Weapons/Tenno/LongGuns/PrimeSoma/PrimeSomaRifle,Primary,Rifle,7,1.1,3,0.30000001,3.0,0.10000002,True,False
Sporothrix,/Lotus/Weapons/Infested/LongGuns/InfSniperRifle/InfSniperRifle,Primary,Sniper,13,1.3,5,0.0099999998,3.0,0.52999997,False,False
Stahlta,/Lotus/Weapons/Corpus/LongGuns/CrpRubanRifle/CrpRubanRifle,Primary,Rifle,10,1.05,3,0.23999999,1.8,0.22000003,False,False
Steflos,/Lotus/Weapons/Tenno/LongGuns/TnoLotusPodShotgun/TnoLotusPodShotgun,Primary,Shotgun,8,1.25,4,0.14,2.2,0.22000003,False,False
Stradavar,/Lotus/Weapons/Tenno/LongGuns/TennoTommyGun/TennoTommyGunRifle,Primary,Rifle,8,1.1,3,0.23999999,2.0,0.12,False,False
Stradavar Prime,/Lotus/Weapons/Tenno/LongGuns/PrimeStradavar/PrimeStradavarGun,Primary,Rifle,12,1.1,3,0.23999999,2.5999999,0.12,True,False
Strun,/Lotus/Weapons/Tenno/Shotgun/Shotgun,Primary,Shotgun,1,1.4,5,0.075000003,1.5,0.050000012,False,False
Strun Prime,/Lotus/Weapons/Tenno/LongGuns/PrimeStrun/PrimeStrunWeapon,Primary,Shotgun,14,1.2,4,0.23999999,2.2,0.066666663,True,False
Strun Wraith,/Lotus/Weapons/Tenno/Shotgun/ShotgunVandal,Primary,Shotgun,10,1.35,5,0.18000001,2.2,0.12,False,True
Supra,/Lotus/Weapons/ClanTech/Energy/CrpHeavyRifle,Primary,Rifle,12,1.1,3,0.12,1.8,0.30000001,False,False
Supra Vandal,/Lotus/Weapons/Corpus/LongGuns/Machinegun/SupraVandal,Primary,Rifle,14,1.0,3,0.16,2.0,0.30000001,False,True
Sybaris,/Lotus/Weapons/Tenno/LongGuns/TnoLeverAction/TnoLeverActionRifle,Primary,Rifle,5,1.3,5,0.25,2.0,0.10000002,False,False
Sybaris Prime,/Lotus/Weapons/Tenno/LongGuns/PrimeSybaris/PrimeSybarisRifle,Primary,Rifle,12,1.2,4,0.30000001,2.0,0.25,True,False
Synapse,/Lotus/Weapons/Infested/LongGuns/InfestedRifle,Primary,Rifle,11,1.3099999,5,0.38999999,2.7,0.13,False,False
Synoid Simulor,/Lotus/Weapons/Syndicates/CephalonSuda/LongGuns/CSSimulor,Primary,Rifle,12,1.2,4,0.14,2.0,0.35000002,False,False
Telos Boltor,/Lotus/Weapons/Syndicates/ArbitersOfHexis/LongGuns/AHBoltor,Primary,Rifle,12,1.2,4,0.30000001,2.4000001,0.15999997,False,False
Tenet Arca Plasmor,/Lotus/Weapons/Corpus/BoardExec/Primary/CrpBEArcaPlasmor/CrpBEArcaPlasmor,Primary,Shotgun,16,0.55000001,1,0.22,2.0,0.34000003,False,True
Tenet Envoy,/Lotus/Weapons/Corpus/LongGuns/CrpBriefcaseLauncher/CrpBriefcaseLauncher,Primary,Launcher,16,0.64999998,1,0.28,2.5999999,0.24000001,False,True
Tenet Ferrox,/Lotus/Weapons/Corpus/BoardExec/Primary/CrpBEFerrox/CrpBEFerrox,Primary,Rifle,16,1.15,4,0.34,3.0,0.25999999,False,True
Tenet Flux Rifle,/Lotus/Weapons/Corpus/BoardExec/Primary/CrpBEFluxRifle/CrpBEFluxRifle,Primary,Rifle,16,1.15,4,0.2,1.8,0.25999999,False,True
Tenet Glaxion,/Lotus/Weapons/Corpus/BoardExec/Primary/CrpBEGlaxion/CrpBEGlaxion,Primary,Rifle,16,0.64999998,1,0.2,2.2,0.39999998,False,True
Tenet Tetra,/Lotus/Weapons/Corpus/BoardExec/Primary/CrpBETetra/CrpBETetra,Primary,Rifle,16,1.2,4,0.28,2.2,0.30000001,False,True
Tenora,/Lotus/Weapons/Tenno/LongGuns/TnBardRifle/TnBardRifle,Primary,Rifle,10,1.1,3,0.28,2.0,0.15999997,False,False
Tenora Prime,/Lotus/Weapons/Tenno/LongGuns/PrimeTenora/TenoraPrimeWeapon,Primary,Rifle,14,1.05,3,0.30000001,2.2,0.24000001,True,False
Tetra,/Lotus/Weapons/Corpus/LongGuns/CorpusUMP/CorpusUMP,Primary,Rifle,3,1.5,5,0.039999999,1.5,0.19999999,False,False
Thornbak,/Lotus/Weapons/Tenno/LongGuns/TnModQuestRifle/TnModQuestRifleWeapon,Primary,Rifle,0,1.0,3,0.059999999,1.4,0.36000001,False,False
Tiberon,/Lotus/Weapons/Tenno/LongGuns/DrakeRifle/DrakeRifle,Primary,Rifle,10,1.1,3,0.25999999,2.4000001,0.15999997,False,False
Tiberon Prime,/Lotus/Weapons/Tenno/LongGuns/PrimeTiberon/PrimeTiberonRifle,Primary,Rifle,14,1.0,3,0.28,3.0,0.19999999,True,False
Tigris,/Lotus/Weapons/Tenno/LongGuns/DoubleBarrelShotgun/TennoDoubleBarrelShotgun,Primary,Shotgun,7,1.1,3,0.1,2.0,0.16799998,False,False
Tigris Prime,/Lotus/Weapons/Tenno/LongGuns/PrimeTigris/PrimeTigris,Primary,Shotgun,13,0.94999999,3,0.1,2.0,0.11250001,True,False
Tonkor,/Lotus/Weapons/Grineer/LongGuns/GrnGrenadeLauncher/GrnGrenadeLauncher,Primary,Launcher,5,1.3,5,0.25,2.5,0.10000002,False,False
Torid,/Lotus/Weapons/ClanTech/Bio/BioWeapon,Primary,Launcher,4,1.3,5,0.15000001,2.0,0.23000002,False,False
Trumna,/Lotus/Weapons/Thanotech/ThanoRifle/ThanotechRifle,Primary,Rifle,13,0.85000002,2,0.23999999,2.2,0.30000001,False,False
Trumna Prime,/Lotus/Weapons/Tenno/LongGuns/PrimeTrumna/PrimeTrumnaWeapon,Primary,Rifle,15,0.64999998,1,0.23999999,2.4000001,0.34000003,True,False
Vadarya Prime,/Lotus/Weapons/Tenno/LongGuns/PrimeLightningGun/PrimeLightningGun,Primary,Sniper,15,0.64999998,1,0.40000001,2.8,0.18000001,True,False
Vaykor Hek,/Lotus/Weapons/Syndicates/SteelMeridian/LongGuns/SMHek,Primary,Shotgun,12,1.15,4,0.25,2.0,0.10714287,False,False
Vectis,/Lotus/Weapons/Tenno/Rifle/TennoSniperRifle,Primary,Sniper,2,1.15,4,0.25,2.0,0.30000001,False,False
Vectis Prime,/Lotus/Weapons/Tenno/LongGuns/PrimeVectis/PrimeVectisRifle,Primary,Sniper,14,1.0,3,0.30000001,2.0,0.30000001,True,False
Veldt,/Lotus/Weapons/Tenno/LongGuns/TnRevolverRifle/TnRevolverRifleGun,Primary,Rifle,8,1.3,5,0.22,2.2,0.22000003,False,False
Vinquibus,/Lotus/Weapons/Tenno/Bayonet/TnBayonetRifleWeapon,Primary,Rifle,14,0.5,1,0.40000001,3.2,0.19999999,False,False
Vulkar,/Lotus/Weapons/Grineer/LongGuns/GrineerSniperRifle/GrnSniperRifle,Primary,Sniper,3,1.45,5,0.2,2.0,0.25,False,False
Vulkar Wraith,/Lotus/Weapons/Grineer/LongGuns/GrineerSniperRifle/VulkarWraith,Primary,Sniper,7,1.4,5,0.2,2.0,0.25,False,True
Zarr,/Lotus/Weapons/Grineer/LongGuns/GrnCannon/GrnCannonWeapon,Primary,Launcher,7,1.15,4,0.17,2.5,0.28999996,False,False
Zenith,/Lotus/Weapons/Tenno/LongGuns/LoginPrimary/SundialRifle,Primary,Rifle,10,1.1,3,0.1,2.0,0.34000003,False,False
Zhuge,/Lotus/Weapons/Tenno/LongGuns/RepeatingCrossbow/RepeatingCrossbow,Primary,Rifle,10,1.2,4,0.2,2.0,0.35000002,False,False
Zhuge Prime,/Lotus/Weapons/Tenno/LongGuns/PrimeZhuge/PrimeZhugeCrossbow,Primary,Rifle,14,1.15,4,0.25999999,2.0,0.30000001,True,False
Acrid,/Lotus/Weapons/ClanTech/Bio/AcidDartPistol,Secondary,Pistol,7,1.33,5,0.050000001,2.0,0.10000002,False,False
Aegrit,/Lotus/Weapons/Grineer/ThrowingWeapons/GrnVorStickyBomb/GrnVorStickyBomb,Secondary,Throwing,11,1.0,3,0.37,1.9,0.19,False,False
Afuris,/Lotus/Weapons/Tenno/Akimbo/AkimboAutoPistols,Secondary,Dual Pistols,4,1.45,5,0.050000001,2.0,0.12,False,False
Afuris Prime,/Lotus/Weapons/Tenno/Pistols/PrimeAfuris/PrimeAFurisWeapon,Secondary,Pistol,12,1.1,3,0.16,2.0,0.30000001,True,False
Akarius,/Lotus/Weapons/Tenno/Pistols/SapientPistol/SapientPistol,Secondary,Pistol,8,1.05,3,0.059999999,1.8,0.27999997,False,False
Akarius Prime,/Lotus/Weapons/Tenno/Pistols/PrimeAkarius/PrimeAkariusWeapon,Secondary,Pistol,14,0.64999998,1,0.18000001,2.0,0.34000003,True,False
Akbolto,/Lotus/Weapons/Tenno/Akimbo/AkimboBolto,Secondary,Dual Pistols,8,1.3,5,0.16,2.4000001,0.022000015,False,False
Akbolto Prime,/Lotus/Weapons/Tenno/Pistols/PrimeAkbolto/PrimeAkBoltoWeapon,Secondary,Pistol,13,1.2,4,0.36000001,2.8,0.13999999,True,False
Akbronco,/Lotus/Weapons/Tenno/Akimbo/AkimboShotGun,Secondary,Dual Pistols,2,1.35,5,0.059999999,2.0,0.031428576,False,False
Akbronco Prime,/Lotus/Weapons/Tenno/Akimbo/PrimeAkimboShotGun,Secondary,Dual Pistols,10,1.3,5,0.059999999,2.0,0.12857145,True,False
Akjagara,/Lotus/Weapons/Tenno/Pistols/TigrisRedeemerSetPistol/TnoBladedPistols,Secondary,Pistol,8,1.1,3,0.059999999,2.0,0.27999997,False,False
Akjagara Prime,/Lotus/Weapons/Tenno/Pistols/PrimeAkjagara/AkJagaraPrime,Secondary,Pistol,12,1.0,3,0.18000001,2.2,0.31999999,True,False
Aklato,/Lotus/Weapons/Tenno/Akimbo/AkimboPistol,Secondary,Dual Pistols,3,1.52,5,0.1,1.8,0.060000002,False,False
Aklex,/Lotus/Weapons/Tenno/Akimbo/AkLexPistols,Secondary,Dual Pistols,4,1.05,3,0.2,2.0,0.10000002,False,False
Aklex Prime,/Lotus/Weapons/Tenno/Akimbo/AkLexPrimePistols,Secondary,Dual Pistols,15,0.94999999,3,0.25,2.0,0.25,True,False
Akmagnus,/Lotus/Weapons/Tenno/Akimbo/DualMagnus,Secondary,Dual Pistols,12,1.35,5,0.22,2.0,0.22000003,False,False
Akmagnus Prime,/Lotus/Weapons/Tenno/Akimbo/DualMagnusPrime,Secondary,Dual Pistols,15,1.1,3,0.28,2.8,0.27999997,True,False
Aksomati,/Lotus/Weapons/Tenno/Pistols/SomaSidearm/AkimboSomaPistols,Secondary,Pistol,9,1.25,4,0.23999999,3.0,0.079999983,False,False
Aksomati Prime,/Lotus/Weapons/Tenno/Pistols/PrimeAksomati/PrimeAksomati,Secondary,Pistol,12,1.05,3,0.23999999,3.0,0.18000001,True,False
Akstiletto,/Lotus/Weapons/Tenno/Pistols/TennoUzi/TennoUzi,Secondary,Pistol,8,0.94999999,3,0.18000001,1.8,0.18000001,False,False
Akstiletto Prime,/Lotus/Weapons/Tenno/Pistols/PrimeAkstiletto/PrimeAkstiletto,Secondary,Pistol,10,0.85000002,2,0.15000001,2.0,0.30000001,True,False
Akvasto,/Lotus/Weapons/Tenno/Akimbo/DualVastos,Secondary,Dual Pistols,8,1.25,4,0.16,1.8,0.12,False,False
Akvasto Prime,/Lotus/Weapons/Tenno/Pistols/PrimeVasto/AkPrimeVasto/AkPrimeVastoPistol,Secondary,Pistol,12,1.2,4,0.22,2.4000001,0.22000003,True,False
Akzani,/Lotus/Weapons/Tenno/Pistols/HarlequinGun/HarlequinPistols,Secondary,Pistol,4,1.52,5,0.14,2.0,0.13999999,False,False
Angstrum,/Lotus/Weapons/Corpus/Pistols/CrpHandRL/CorpusHandRocketLauncher,Secondary,Pistol,4,1.35,5,0.16,2.0,0.22000003,False,False
Arca Scisco,/Lotus/Weapons/Corpus/Pistols/SniperPistol/CrpScopeGun,Secondary,Pistol,10,1.1,3,0.18000001,1.6,0.25999999,False,False
Athodai,/Lotus/Weapons/Tenno/Pistols/TnJetTurbine/TnJetTurbinePistolWeapon,Secondary,Pistol,10,1.05,3,0.31999999,2.0,0.079999983,False,False
Atomos,/Lotus/Weapons/Grineer/Pistols/HeatGun/GrnHeatGun,Secondary,Pistol,5,0.94999999,3,0.15000001,1.7,0.20999998,False,False
Azima,/Lotus/Weapons/Tenno/Pistols/SundialGun/SundialPistol,Secondary,Pistol,6,1.25,4,0.16,2.0,0.15999997,False,False
Ballistica,/Lotus/Weapons/Tenno/Pistols/AutomaticHandCrossbow/AutoCrossBow,Secondary,Pistol,2,1.25,4,0.025,1.5,0.10000002,False,False
Ballistica Prime,/Lotus/Weapons/Tenno/Pistols/PrimeBallistica/PrimeBallistica,Secondary,Pistol,14,1.2,4,0.2,2.0,0.14999998,True,False
Bolto,/Lotus/Weapons/Tenno/Pistol/CrossBow,Secondary,Pistol,7,1.51,5,0.16,2.4000001,0.022000015,False,False
Brakk,/Lotus/Weapons/Grineer/Pistols/GrineerHandShotgun/GrineerHandCannon,Secondary,Pistol,6,1.25,4,0.17,2.0,0.050999999,False,False
Bronco,/Lotus/Weapons/Tenno/Pistol/HandShotGun,Secondary,Pistol,0,1.45,5,0.059999999,2.0,0.094285727,False,False
Bronco Prime,/Lotus/Weapons/Tenno/Pistol/BroncoPrime,Secondary,Pistol,4,1.4,5,0.059999999,2.0,0.12857145,True,False
Cantare,/Lotus/Weapons/Tenno/ThrowingWeapons/TnChoirframeKunai/TnChoirframeKunai,Secondary,Throwing,10,1.05,3,0.18000001,2.0,0.22000003,False,False
Castanas,/Lotus/Weapons/Tenno/ThrowingWeapons/StickyBomb/StickyBombs,Secondary,Throwing,3,1.4,5,0.079999998,1.5,0.22000003,False,False
Catabolyst,/Lotus/Weapons/Infested/Pistols/InfBeamPistol/InfBeamPistol,Secondary,Pistol,11,1.2,4,0.11,2.9000001,0.43000001,False,False
Cestra,/Lotus/Weapons/Corpus/Pistols/CorpusMinigun/CorpusMinigun,Secondary,Pistol,4,1.52,5,0.059999999,1.6,0.19999999,False,False
Coda Catabolyst,/Lotus/Weapons/Infested/InfestedLich/Pistols/CodaCatabolyst,Secondary,Pistol,17,0.64999998,1,0.11,2.9000001,0.5,False,False
Coda Pox,/Lotus/Weapons/Infested/InfestedLich/Pistols/CodaPox,Secondary,Pistol,17,0.89999998,3,0.1,2.2,0.44999999,False,False
Coda Tysis,/Lotus/Weapons/Infested/InfestedLich/Pistols/CodaTysis,Secondary,Pistol,17,0.85000002,2,0.13,2.0,0.5,False,False
Cyanex,/Lotus/Weapons/Corpus/Pistols/CrpSentAmalgPistol/CrpSentAmalgPistol,Secondary,Pistol,8,1.0,3,0.079999998,1.4,0.31999999,False,False
Cycron,/Lotus/Weapons/Corpus/Pistols/CrpChargeGun/CrpChargeGun,Secondary,Pistol,8,1.2,4,0.12,1.8,0.30000001,False,False
Despair,/Lotus/Weapons/Tenno/ThrowingWeapons/StalkerKunai,Secondary,Throwing,4,1.3,5,0.16,1.6,0.15999997,False,False
Detron,/Lotus/Weapons/Corpus/Pistols/CorpusHandShotgun/CorpusHandCannon,Secondary,Pistol,6,1.15,4,0.039999999,1.5,0.12857145,False,False
Dex Furis,/Lotus/Weapons/Tenno/Pistols/DexFuris/DexFuris,Secondary,Pistol,10,1.39,5,0.14,2.0,0.27999997,False,False
Dual Cestra,/Lotus/Weapons/Corpus/Pistols/CorpusMinigun/DualCorpusMinigun,Secondary,Pistol,7,1.35,5,0.059999999,1.6,0.19999999,False,False
Dual Coda Torxica,/Lotus/Weapons/Infested/InfestedLich/Pistols/1999InfSporePistol/1999InfSporePistolWeapon,Secondary,Pistol,17,0.55000001,1,0.25,2.4000001,0.27999997,False,False
Dual Toxocyst,/Lotus/Weapons/Infested/Pistols/InfVomitGun/InfVomitGunWep,Secondary,Pistol,11,1.35,5,0.050000001,2.0,0.37,False,False
Efv-8 Mars,/Lotus/Weapons/Lasria/LasGooPistol/LasGooPistolPlayerWeapon,Secondary,Pistol,14,0.94999999,3,0.27000001,2.0999999,0.17000002,False,False
Embolist,/Lotus/Weapons/Infested/Pistols/InfestedPistol,Secondary,Pistol,9,1.4,5,0.029999999,1.5,0.40999997,False,False
Epitaph,/Lotus/Weapons/Tenno/Pistols/TnWraitheSidearm/TnWraitheSidearmWeapon,Secondary,Pistol,8,0.60000002,1,0.02,1.2,0.040000021,False,False
Epitaph Prime,/Lotus/Weapons/Tenno/Pistols/PrimeEpitaph/PrimeEpitaphSidearmWeapon,Secondary,Pistol,14,0.55000001,1,0.039999999,1.8,0.13999999,True,False
Euphona Prime,/Lotus/Weapons/Tenno/Pistols/AllNew1hSG/AllNew1hSG,Secondary,Pistol,14,0.94999999,3,0.30000001,2.5,0.019999981,True,False
Furis,/Lotus/Weapons/Tenno/Pistol/AutoPistol,Secondary,Pistol,1,1.35,5,0.050000001,2.0,0.12,False,False
Fusilai,/Lotus/Weapons/Tenno/ThrowingWeapons/GlassKunai/GlassKunaiWeapon,Secondary,Throwing,7,1.35,5,0.23,1.7,0.28999996,False,False
Gammacor,/Lotus/Weapons/Syndicates/CephalonSuda/Pistols/CSDroidArray,Secondary,Pistol,2,1.15,4,0.079999998,1.8,0.19999999,False,False
Grimoire,/Lotus/Weapons/Tenno/Grimoire/TnDoppelgangerGrimoire,Secondary,Pistol,10,0.60000002,1,0.079999998,1.6,0.10000002,False,False
Grimoire,/Lotus/Weapons/Tenno/Grimoire/TnGrimoire,Secondary,Pistol,10,0.60000002,1,0.2,2.0,0.25999999,False,False
Hikou,/Lotus/Weapons/Tenno/ThrowingWeapons/TennoStars,Secondary,Throwing,2,1.3,5,0.039999999,1.6,0.10000002,False,False
Hikou Prime,/Lotus/Weapons/Tenno/ThrowingWeapons/PrimeThrowingStar/PrimeHikou,Secondary,Throwing,4,1.25,4,0.059999999,1.8,0.27999997,True,False
Hystrix,/Lotus/Weapons/Tenno/Pistols/QuillDartgun/QuillDartGunWeapon,Secondary,Pistol,7,1.2,4,0.23999999,2.2,0.10000002,False,False
Hystrix Prime,/Lotus/Weapons/Tenno/Pistols/PrimeHystrix/PrimeHystrixWeapon,Secondary,Pistol,12,1.0,3,0.28,2.2,0.19999999,True,False
Knell,/Lotus/Weapons/Tenno/Pistols/TnPriestPistolScope/TnPriestPistolWeapon,Secondary,Pistol,10,1.25,4,0.2,1.5,0.050000012,False,False
Knell Prime,/Lotus/Weapons/Tenno/Pistols/PrimeKnell/PrimeKnellWeapon,Secondary,Pistol,14,0.85000002,2,0.40000001,2.0,0.10000002,True,False
Kohmak,/Lotus/Weapons/Grineer/Pistols/GrnKohmPistol/GrnKohmPistol,Secondary,Pistol,5,1.35,5,0.11,2.0,0.13800001,False,False
Kompressa,/Lotus/Weapons/Tenno/Pistols/TnYareliPistol/TnYareliPistolWeapon,Secondary,Pistol,8,1.15,4,0.059999999,1.8,0.30000001,False,False
Kompressa Prime,/Lotus/Weapons/Tenno/Pistols/PrimeKompressa/PrimeKompressa,Secondary,Pistol,13,0.60000002,1,0.16,1.8,0.36000001,True,False
Kraken,/Lotus/Weapons/Grineer/GrineerPistol/GrnHeavyPistol,Secondary,Pistol,0,1.53,5,0.050000001,2.0,0.13,False,False
Kulstar,/Lotus/Weapons/Grineer/Pistols/GrnTorpedoPistol/GrnTorpedoPistol,Secondary,Pistol,5,1.3,5,0.17,2.3,0.19,False,False
Kunai,/Lotus/Weapons/Tenno/ThrowingWeapons/Kunai,Secondary,Throwing,0,1.51,5,0.079999998,1.6,0.079999983,False,False
Kuva Brakk,/Lotus/Weapons/Grineer/KuvaLich/Secondaries/Brakk/KuvaBrakk,Secondary,Pistol,13,0.89999998,3,0.28999999,2.0,0.111,False,True
Kuva Kraken,/Lotus/Weapons/Grineer/KuvaLich/Secondaries/Kraken/KuvaKraken,Secondary,Pistol,15,1.1,3,0.20999999,2.3,0.28999996,False,True
Kuva Nukor,/Lotus/Weapons/Grineer/KuvaLich/Secondaries/Nukor/KuvaNukor,Secondary,Pistol,13,0.5,1,0.07,5.0,0.5,False,True
Kuva Seer,/Lotus/Weapons/Grineer/KuvaLich/Secondaries/Seer/KuvaSeer,Secondary,Pistol,15,1.1,3,0.20999999,1.9,0.33000004,False,True
Kuva Twin Stubbas,/Lotus/Weapons/Grineer/KuvaLich/Secondaries/Stubba/KuvaStubba,Secondary,Dual Pistols,13,0.94999999,3,0.23,1.9,0.31,False,True
Laetum,/Lotus/Weapons/Tenno/Zariman/Pistols/HeavyPistol/ZarimanHeavyPistol,Secondary,Pistol,14,0.5,1,0.22,2.2,0.22000003,False,False
Lato,/Lotus/Weapons/Tenno/Pistol/Pistol,Secondary,Pistol,0,1.4,5,0.1,1.8,0.060000002,False,False
Lato Prime,/Lotus/Weapons/Tenno/Pistol/LatoPrime,Secondary,Pistol,14,1.35,5,0.30000001,2.5999999,0.19999999,True,False
Lato Vandal,/Lotus/Weapons/Tenno/Pistol/LatoVandal,Secondary,Pistol,7,1.35,5,0.25999999,2.4000001,0.10000002,False,True
Lex,/Lotus/Weapons/Tenno/Pistol/HeavyPistol,Secondary,Pistol,3,1.25,4,0.2,2.0,0.10000002,False,False
Lex Prime,/Lotus/Weapons/Tenno/Pistols/PrimeLex/PrimeLex,Secondary,Pistol,8,1.2,4,0.25,2.0,0.25,True,False
Magnus,/Lotus/Weapons/Tenno/Pistols/Magnum/Magnum,Secondary,Pistol,10,1.53,5,0.22,2.0,0.22000003,False,False
Magnus Prime,/Lotus/Weapons/Tenno/Pistols/PrimeMagnus/PrimeMagnusWeapon,Secondary,Pistol,14,1.25,4,0.28,2.8,0.27999997,True,False
Mara Detron,/Lotus/Weapons/VoidTrader/VTDetron,Secondary,Pistol,9,1.15,4,0.079999998,1.5,0.1371429,False,False
Marelok,/Lotus/Weapons/Grineer/Pistols/GrineerLeverActionPistol/GLAPistol,Secondary,Pistol,7,1.2,4,0.15000001,1.5,0.30000001,False,False
Mk1-Furis,/Lotus/Weapons/MK1Series/MK1Furis,Secondary,Pistol,0,1.4,5,0.050000001,2.0,0.0099999905,False,False
Mk1-Kunai,/Lotus/Weapons/MK1Series/MK1Kunai,Secondary,Throwing,0,1.51,5,0.050000001,2.0,0.024999976,False,False
Nukor,/Lotus/Weapons/Grineer/Pistols/GrineerMicrowavegun/GrnMicrowavePistol,Secondary,Pistol,4,1.45,5,0.029999999,4.0,0.28999996,False,False
Ocucor,/Lotus/Weapons/Corpus/Pistols/CrpSentExperimentPistol/CrpSentExperimentPistol,Secondary,Pistol,8,1.2,4,0.16,1.8,0.24000001,False,False
Onos,/Lotus/Weapons/Thanotech/EntratiWristGun/EntratiWristGunWeapon,Secondary,Pistol,14,0.80000001,2,0.25999999,2.4000001,0.22000003,False,False
Pandero,/Lotus/Weapons/Tenno/Pistols/TnBardPistol/TnBardPistolGun,Secondary,Pistol,8,1.2,4,0.30000001,2.8,0.10000002,False,False
Pandero Prime,/Lotus/Weapons/Tenno/Pistols/PrimePandero/PanderoPrimeWeapon,Secondary,Pistol,14,1.1,3,0.30000001,2.8,0.24000001,True,False
Plinx,/Lotus/Weapons/Corpus/Pistols/CrpSonificBlastor/CrpBlastorWeapon,Secondary,Pistol,6,1.2,4,0.31999999,3.0,0.040000021,False,False
Pox,/Lotus/Weapons/Infested/Pistols/InfProximityStars/InfProximityStars,Secondary,Pistol,9,1.2,4,0.0099999998,2.0,0.35000002,False,False
Prisma Angstrum,/Lotus/Weapons/Corpus/Pistols/CrpHandRL/PrismaAngstrum,Secondary,Pistol,8,1.3,5,0.18000001,2.2,0.25999999,False,True
Prisma Twin Gremlins,/Lotus/Weapons/Grineer/Pistols/GrineerBulbousSMG/Prisma/PrismaTwinGremlinsWeapon,Secondary,Pistol,11,1.15,4,0.23,1.9,0.23000002,False,True
Pyrana,/Lotus/Weapons/Tenno/Pistols/SawnOffShotgun/TennoHandShotgun,Secondary,Pistol,12,0.94999999,3,0.2,2.0,0.024999976,False,False
Pyrana Prime,/Lotus/Weapons/Tenno/Pistols/PrimePyrana/PrimePyranaPistol,Secondary,Pistol,13,0.64999998,1,0.23999999,2.2,0.036000013,True,False
Quatz,/Lotus/Weapons/Grineer/Pistols/GrnAmphisPistol/GrnAmphisPistol,Secondary,Pistol,9,1.2,4,0.13,1.5,0.26999998,False,False
Rakta Ballistica,/Lotus/Weapons/Syndicates/RedVeil/Pistols/RVBallistica,Secondary,Pistol,6,1.2,4,0.050000001,1.5,0.10000002,False,False
Riot-848,/Lotus/Weapons/Tenno/Pistols/1999EntHybridPistolWeapon/1999EntHybridPistolWeapon,Secondary,Pistol,14,0.85000002,2,0.25999999,2.2,0.25999999,False,False
Sagek Prime,/Lotus/Weapons/Grineer/Pistols/GrnOrokinPistol/GrnOrokinPistol,Secondary,Pistol,14,0.5,1,0.30000001,2.2,0.0099999905,True,False
Sancti Castanas,/Lotus/Weapons/Syndicates/NewLoka/Pistols/NLCastanas,Secondary,Pistol,10,1.35,5,0.23999999,2.0,0.34000003,False,False
Scyotid,/Lotus/Weapons/Tenno/ThrowingWeapons/TnOraxiaFlechette/TnOraxiaFlechette,Secondary,Throwing,12,0.60000002,1,0.23999999,2.4000001,0.18000001,False,False
Secura Dual Cestra,/Lotus/Weapons/Syndicates/PerrinSequence/Pistols/PSDualCestra,Secondary,Pistol,10,1.3,5,0.16,1.6,0.27999997,False,False
Seer,/Lotus/Weapons/Grineer/GrineerPistol/GrnScopedPistolPlayer,Secondary,Pistol,0,1.5,5,0.050000001,1.5,0.13,False,False
Sepulcrum,/Lotus/Weapons/Thanotech/ThanoPistol/ThanotechPistol,Secondary,Pistol,14,1.1,3,0.30000001,2.2,0.13999999,False,False
Sicarus,/Lotus/Weapons/Tenno/Pistol/BurstPistol,Secondary,Pistol,3,1.2,4,0.16,2.0,0.060000002,False,False
Sicarus Prime,/Lotus/Weapons/Tenno/Pistols/PrimeSicarus/PrimeSicarusPistol,Secondary,Pistol,14,1.15,4,0.25,2.0,0.19999999,True,False
Sonicor,/Lotus/Weapons/Corpus/Pistols/CrpAirPistol/CrpAirPistolArray,Secondary,Pistol,2,1.15,4,0.1,2.0,0.0,False,False
Spectra,/Lotus/Weapons/ClanTech/Energy/CrpLaserPistol,Secondary,Pistol,4,1.49,5,0.14,2.0,0.22000003,False,False
Spectra Vandal,/Lotus/Weapons/Corpus/Pistols/CorpusModularPistol/Vandal/CrpLaserPistolVandal,Secondary,Pistol,10,1.45,5,0.2,2.0,0.27999997,False,True
Spira,/Lotus/Weapons/Tenno/ThrowingWeapons/LiDagger/LiDagger,Secondary,Throwing,8,1.35,5,0.30000001,2.0,0.079999983,False,False
Spira Prime,/Lotus/Weapons/Tenno/ThrowingWeapons/PrimeLiDagger/PrimeLiDagger,Secondary,Throwing,10,1.25,4,0.30000001,3.0,0.13999999,True,False
Staticor,/Lotus/Weapons/Corpus/Pistols/CrpElectroMag/CrpElectroMag,Secondary,Pistol,10,0.89999998,3,0.14,2.2,0.27999997,False,False
Stubba,/Lotus/Weapons/Grineer/Pistols/GrnUzi/GrnUziWeapon,Secondary,Pistol,7,1.35,5,0.23,1.9,0.13,False,False
Stug,/Lotus/Weapons/Grineer/Pistols/GrineerCrossbow/GrineerGooGun,Secondary,Pistol,2,1.48,5,0.050000001,1.5,0.0,False,False
Synoid Gammacor,/Lotus/Weapons/Syndicates/CephalonSuda/Pistols/CSSynoidGammacor,Secondary,Pistol,7,1.1,3,0.2,2.0,0.27999997,False,False
Talons,/Lotus/Weapons/Tenno/ThrowingWeapons/U18ThrowingKnives/U18throwingknives,Secondary,Throwing,8,1.4400001,5,0.22,2.0,0.25999999,False,False
Telos Akbolto,/Lotus/Weapons/Syndicates/ArbitersOfHexis/Pistols/AHAkbolto,Secondary,Pistol,11,1.25,4,0.13,2.0,0.28999996,False,False
Tenet Cycron,/Lotus/Weapons/Corpus/BoardExec/Secondary/CrpBECycron/CrpBECycron,Secondary,Pistol,14,0.69999999,2,0.2,1.8,0.39999998,False,True
Tenet Detron,/Lotus/Weapons/Corpus/BoardExec/Secondary/CrpBEDetron/CrpBEDetron,Secondary,Pistol,16,0.94999999,3,0.18000001,2.0,0.10000002,False,True
Tenet Diplos,/Lotus/Weapons/Corpus/Pistols/CrpBriefcaseAkimbo/CrpBriefcaseAkimboPistol,Secondary,Pistol,16,0.80000001,2,0.36000001,2.2,0.13999999,False,True
Tenet Plinx,/Lotus/Weapons/Corpus/BoardExec/Secondary/CrpBEPlinx/CrpBEPlinxWeapon,Secondary,Pistol,6,0.75,2,0.44,3.0,0.12,False,True
Tenet Spirex,/Lotus/Weapons/Corpus/Pistols/CrpIgniterPistol/CrpIgniterPistol,Secondary,Pistol,14,1.05,3,0.25999999,2.4000001,0.39999998,False,True
Twin Grakatas,/Lotus/Weapons/Grineer/LongGuns/GrineerAssaultRifle/TwinGrakatas,Secondary,Dual Pistols,9,1.2,4,0.25,2.7,0.16500002,False,False
Twin Gremlins,/Lotus/Weapons/Grineer/GrineerPistol/GrineerAkimboPistol,Secondary,Dual Pistols,5,1.2,4,0.15000001,1.5,0.14999998,False,False
Twin Kohmak,/Lotus/Weapons/Grineer/Pistols/GrnDWUniques/GrnTwinKohmaks,Secondary,Pistol,10,1.25,4,0.11,2.0,0.13800001,False,False
Twin Rogga,/Lotus/Weapons/Grineer/Pistols/GrnQueenGuardDualPistol/GrnQueenGuardDualPistols,Secondary,Pistol,9,1.3,5,0.1,2.0,0.065999985,False,False
Twin Vipers,/Lotus/Weapons/Tenno/Akimbo/AkimboViperPistols,Secondary,Dual Pistols,5,1.45,5,0.15000001,1.5,0.11000001,False,False
Twin Vipers Wraith,/Lotus/Weapons/Grineer/Pistols/WraithTwinVipers/WraithTwinVipers,Secondary,Pistol,7,1.41,5,0.19,2.0,0.090000033,False,True
Tysis,/Lotus/Weapons/Infested/Pistols/InfestedDartPistol/InfestedDartPistol,Secondary,Pistol,9,1.45,5,0.029999999,1.5,0.5,False,False
Vasto,/Lotus/Weapons/Tenno/Pistol/RevolverPistol,Secondary,Pistol,4,1.4,5,0.2,1.8,0.079999983,False,False
Vasto Prime,/Lotus/Weapons/Tenno/Pistols/PrimeVasto/PrimeVastoPistol,Secondary,Pistol,10,1.35,5,0.22,2.4000001,0.22000003,True,False
Vaykor Marelok,/Lotus/Weapons/Syndicates/SteelMeridian/Pistols/SMMarelok,Secondary,Pistol,10,1.1,3,0.2,1.5,0.35000002,False,False
Velox,/Lotus/Weapons/Tenno/Pistols/TnOdaliskSmg/TnOdaliskSmgPistol,Secondary,Pistol,8,1.25,4,0.14,1.8,0.22000003,False,False
Velox Prime,/Lotus/Weapons/Tenno/Pistols/PrimeVelox/PrimeVeloxPistol,Secondary,Pistol,13,0.85000002,2,0.14,2.0,0.31999999,True,False
Vesper 77,/Lotus/Weapons/Lasria/LasSilencedPistol/LasSilencedPistolWeapon,Secondary,Pistol,14,0.75,2,0.23999999,2.5999999,0.25999999,False,False
Viper,/Lotus/Weapons/Grineer/GrineerPistol/GrineerLightPistol,Secondary,Pistol,4,1.45,5,0.15000001,1.5,0.11000001,False,False
Viper Wraith,/Lotus/Weapons/Grineer/Pistols/WraithSingleViper/WraithSingleViper,Secondary,Pistol,4,1.4,5,0.19,2.0,0.090000033,False,True
Zakti,/Lotus/Weapons/Tenno/Pistols/TnGuandoPistol/TnGuandoPistolGun,Secondary,Pistol,10,1.25,4,0.02,1.5,0.19999999,False,False
Zakti Prime,/Lotus/Weapons/Tenno/Pistols/PrimeZakti/PrimeZaktiPistol,Secondary,Pistol,14,1.1,3,0.079999998,1.8,0.41999996,True,False
Zylok,/Lotus/Weapons/Tenno/Pistols/ConclaveLeverPistol/ConclaveLeverPistol,Secondary,Pistol,6,1.25,4,0.079999998,2.0,0.25999999,False,False
Zylok Prime,/Lotus/Weapons/Tenno/Pistols/PrimeZylok/ZylokPrimePistol,Secondary,Pistol,13,0.85000002,2,0.12,2.4000001,0.36000001,True,False
Zymos,/Lotus/Weapons/Infested/Pistols/InfUzi/InfUziWeapon,Secondary,Pistol,11,1.2,4,0.050000001,2.3,0.30000001,False,False
Akaten,/Lotus/Types/Friendly/Pets/ZanukaPets/ZanukaPetMeleeWeaponPS,SentinelWeapons,Companion Weapon,0,1.0,3,0.1,3.0,0.14999998,False,False
Artax,/Lotus/Types/Sentinels/SentinelWeapons/Gremlin,SentinelWeapons,Companion Weapon,0,1.0,3,0.02,1.5,0.35000002,False,False
Batoten,/Lotus/Types/Friendly/Pets/ZanukaPets/ZanukaPetMeleeWeaponIP,SentinelWeapons,Companion Weapon,0,1.0,3,0.1,3.0,0.14999998,False,False
Burst Laser,/Lotus/Types/Sentinels/SentinelWeapons/BurstLaserPistol,SentinelWeapons,Companion Weapon,0,1.45,5,0.15000001,2.0,0.10000002,False,False
Burst Laser Prime,/Lotus/Types/Sentinels/SentinelWeapons/PrimeBurstLaserPistol,SentinelWeapons,Companion Weapon,0,1.45,5,0.2,2.3,0.14999998,True,False
Cryotra,/Lotus/Types/Friendly/Pets/MoaPets/MoaPetComponents/CryoxionWeapon,SentinelWeapons,Companion Weapon,0,1.0,3,0.1,1.75,0.10000002,False,False
Deconstructor,/Lotus/Types/Sentinels/SentinelWeapons/SentGlaiveWeapon,SentinelWeapons,Companion Weapon,0,1.25,4,0.0,1.0,0.25,False,False
Deconstructor Prime,/Lotus/Types/Sentinels/SentinelWeapons/DeconstructorPrime/PrimeHeliosGlaiveWeapon,SentinelWeapons,Companion Weapon,0,1.25,4,0.0,1.0,0.25,True,False
Deth Machine Rifle,/Lotus/Types/Sentinels/SentinelWeapons/DethMachineRifle,SentinelWeapons,Companion Weapon,0,1.455,5,0.050000001,2.0,0.0099999905,False,False
Deth Machine Rifle Prime,/Lotus/Types/Sentinels/SentinelWeapons/PrimeDethMachineRifle,SentinelWeapons,Companion Weapon,0,1.455,5,0.1,2.0,0.040000021,True,False
Helstrum,/Lotus/Types/Friendly/Pets/MoaPets/MoaPetComponents/SwarmerWeapon,SentinelWeapons,Companion Weapon,0,1.0,3,0.050000001,1.5,0.30000001,False,False
Lacerten,/Lotus/Types/Friendly/Pets/ZanukaPets/ZanukaPetMeleeWeaponIS,SentinelWeapons,Companion Weapon,0,1.0,3,0.1,3.0,0.14999998,False,False
Laser Rifle,/Lotus/Types/Sentinels/SentinelWeapons/LaserRifle,SentinelWeapons,Companion Weapon,0,1.21,4,0.17,1.75,0.074999988,False,False
Multron,/Lotus/Types/Friendly/Pets/MoaPets/MoaPetComponents/HextraWeapon,SentinelWeapons,Companion Weapon,3,1.0,3,0.15000001,2.0,0.22000003,False,False
Prime Laser Rifle,/Lotus/Types/Sentinels/SentinelWeapons/PrimeLaserRifle,SentinelWeapons,Companion Weapon,0,1.21,4,0.2,2.0,0.10000002,True,False
Prisma Burst Laser,/Lotus/Types/Sentinels/SentinelWeapons/PrismaBurstLaserPistol,SentinelWeapons,Companion Weapon,0,1.45,5,0.18000001,2.1500001,0.10000002,False,True
Stinger,/Lotus/Types/Sentinels/SentinelWeapons/SentBioWeapon,SentinelWeapons,Companion Weapon,0,1.3150001,5,0.025,1.5,0.19999999,False,False
Sweeper,/Lotus/Types/Sentinels/SentinelWeapons/SentShotgun,SentinelWeapons,Companion Weapon,0,1.0,3,0.1,1.75,0.045000017,False,False
Sweeper Prime,/Lotus/Types/Sentinels/SentinelWeapons/PrimeSentShotgun,SentinelWeapons,Companion Weapon,0,1.0,3,0.1,2.25,0.050000012,True,False
Tazicor,/Lotus/Types/Friendly/Pets/MoaPets/MoaPetComponents/TazronWeapon,SentinelWeapons,Companion Weapon,3,1.0,3,0.050000001,1.5,0.25,False,False
Verglas,/Lotus/Types/Sentinels/SentinelWeapons/SentinelFreezeRayRifle,SentinelWeapons,Companion Weapon,0,1.3,5,0.079999998,2.0,0.34000003,False,False
Verglas Prime,/Lotus/Types/Sentinels/SentinelWeapons/SentinelFreezeRayPrimeRifle,SentinelWeapons,Companion Weapon,0,1.3,5,0.14,2.2,0.36000001,True,False
Vulcax,/Lotus/Types/Friendly/Pets/MoaPets/MoaPetComponents/ThermocorMoaWeapon,SentinelWeapons,Companion Weapon,14,1.0,3,0.2,2.5,0.10000002,False,False
Vulklok,/Lotus/Types/Sentinels/SentinelWeapons/SentElecRailgun,SentinelWeapons,Companion Weapon,0,1.245,4,0.34999999,2.5,0.25,False,False
